asset_id,nombre,category,year,month,date,ndvi,ndmi,evi,ndvi_p25,ndvi_p75,ndvi_stdDev,data_source
pn_tablas_daimiel_senderismo_la_torre_de_prado_ancho_000,La Torre de Prado Ancho,senderismo,2021,1,2021-01-01,0.31249169665958443,-0.20397446164744443,0.16073437320062745,0.22857213528093856,0.3610678429096818,0.09821487265216702,GEE:S2_SR_HARMONIZED
pn_tablas_daimiel_senderismo_la_isla_del_pan_001,La Isla del Pan,senderismo,2021,1,2021-01-01,0.36283660075378793,-0.15704234163533315,0.1676292955905433,0.2678608344782007,0.45140134739343696,0.11144138759962238,GEE:S2_SR_HARMONIZED
pn_tablas_daimiel_senderismo_la_laguna_de_aclimatacion_002,La Laguna de Aclimatación,senderismo,2021,1,2021-01-01,0.3693514576893147,-0.15008321173373293,0.1797394485103048,0.3141253458634588,0.4226492797736648,0.11720678551153539,GEE:S2_SR_HARMONIZED
pn_tablas_daimiel_senderismo_la_laguna_permanente_003,La Laguna Permanente,senderismo,2021,1,2021-01-01,0.36538453614723215,-0.15433573629376784,0.17143744319670956,0.294911137128445,0.4319072764195299,0.10220504227435795,GEE:S2_SR_HARMONIZED
pn_tablas_daimiel_senderismo_molino_de_molemocho_004,Molino de Molemocho,senderismo,2021,1,2021-01-01,0.465294247534963,-0.05524920767935785,0.24207329266871128,0.3995799819628398,0.5533634185791015,0.13742202490801494,GEE:S2_SR_HARMONIZED
pn_tablas_daimiel_senderismo_la_torre_de_prado_ancho_000,La Torre de Prado Ancho,senderismo,2021,2,2021-02-01,0.26298045920255475,-0.11613696326729694,0.14446571591462506,0.2056993329853057,0.298824833984613,0.0803788858170275,GEE:S2_SR_HARMONIZED
pn_tablas_daimiel_senderismo_la_isla_del_pan_001,La Isla del Pan,senderismo,2021,2,2021-02-01,0.33657020695492385,-0.058301638691667344,0.1983508849338332,0.25203669248722566,0.42778666799052495,0.09971117130494649,GEE:S2_SR_HARMONIZED
pn_tablas_daimiel_senderismo_la_laguna_de_aclimatacion_002,La Laguna de Aclimatación,senderismo,2021,2,2021-02-01,0.3442877933154928,-0.05426265107937698,0.1853275806873559,0.2752160664820513,0.4159245037164027,0.11486296545645536,GEE:S2_SR_HARMONIZED
pn_tablas_daimiel_senderismo_la_laguna_permanente_003,La Laguna Permanente,senderismo,2021,2,2021-02-01,0.31941487722123735,-0.06626087583764315,0.18743396777358437,0.2680117580365567,0.3698142090162333,0.07955496377565992,GEE:S2_SR_HARMONIZED
pn_tablas_daimiel_senderismo_molino_de_molemocho_004,Molino de Molemocho,senderismo,2021,2,2021-02-01,0.4447811895694714,0.03932284608775088,0.31541014460389716,0.39164066314697266,0.52054650829984,0.10552342370664262,GEE:S2_SR_HARMONIZED
pn_tablas_daimiel_senderismo_la_torre_de_prado_ancho_000,La Torre de Prado Ancho,senderismo,2021,3,2021-03-01,0.32645310160646646,-0.14481442139340964,0.20928122106840746,0.23662715771216722,0.3888557910919189,0.11109025901763991,GEE:S2_SR_HARMONIZED
pn_tablas_daimiel_senderismo_la_isla_del_pan_001,La Isla del Pan,senderismo,2021,3,2021-03-01,0.38882390900232805,-0.08057283841050744,0.23598986363933713,0.25567294658618595,0.5091294376949723,0.14671033236958758,GEE:S2_SR_HARMONIZED
pn_tablas_daimiel_senderismo_la_laguna_de_aclimatacion_002,La Laguna de Aclimatación,senderismo,2021,3,2021-03-01,0.39841260938806966,-0.08876821495319669,0.24075652922491106,0.32944247061217796,0.47402840107679367,0.13120245126710878,GEE:S2_SR_HARMONIZED
pn_tablas_daimiel_senderismo_la_laguna_permanente_003,La Laguna Permanente,senderismo,2021,3,2021-03-01,0.38239925132192465,-0.0994428679194769,0.23036674789713005,0.2800316738273381,0.47521795842678755,0.13227169021073418,GEE:S2_SR_HARMONIZED
pn_tablas_daimiel_senderismo_molino_de_molemocho_004,Molino de Molemocho,senderismo,2021,3,2021-03-01,0.5336549708548535,0.07638122405765586,0.3647148528365547,0.48849037289619446,0.6268687989534522,0.15216964099854668,GEE:S2_SR_HARMONIZED
pn_tablas_daimiel_senderismo_la_torre_de_prado_ancho_000,La Torre de Prado Ancho,senderismo,2021,4,2021-04-01,0.32570629567922965,-0.09161581010418467,0.23436086182846053,0.23145317100301654,0.4031011591798989,0.1096994832026257,GEE:S2_SR_HARMONIZED
pn_tablas_daimiel_senderismo_la_isla_del_pan_001,La Isla del Pan,senderismo,2021,4,2021-04-01,0.38520267521190416,-0.034897866151989865,0.26969019540626227,0.2561474944040237,0.5173496251863371,0.14036679217795905,GEE:S2_SR_HARMONIZED
pn_tablas_daimiel_senderismo_la_laguna_de_aclimatacion_002,La Laguna de Aclimatación,senderismo,2021,4,2021-04-01,0.4012796830419387,-0.024439572293547998,0.2867328775125526,0.3368207385540009,0.47393296178131256,0.10721652066297625,GEE:S2_SR_HARMONIZED
pn_tablas_daimiel_senderismo_la_laguna_permanente_003,La Laguna Permanente,senderismo,2021,4,2021-04-01,0.3996828029178588,-0.007991771611124078,0.28768384774079825,0.2912375759020698,0.4945665998932193,0.125621107547451,GEE:S2_SR_HARMONIZED
pn_tablas_daimiel_senderismo_molino_de_molemocho_004,Molino de Molemocho,senderismo,2021,4,2021-04-01,0.47566233450195133,0.08065366766238292,0.3406432118563913,0.4265362714921962,0.5568673408325807,0.12030437941291029,GEE:S2_SR_HARMONIZED
pn_tablas_daimiel_senderismo_la_torre_de_prado_ancho_000,La Torre de Prado Ancho,senderismo,2021,5,2021-05-01,0.3119212231758778,-0.15939740981212872,0.20327087359744575,0.22056626798834733,0.38512422268993823,0.10197352462097907,GEE:S2_SR_HARMONIZED
pn_tablas_daimiel_senderismo_la_isla_del_pan_001,La Isla del Pan,senderismo,2021,5,2021-05-01,0.4243834774937789,-0.03985752339535279,0.2650773243877124,0.34966538338146597,0.4939373455405532,0.11283176458129172,GEE:S2_SR_HARMONIZED
pn_tablas_daimiel_senderismo_la_laguna_de_aclimatacion_002,La Laguna de Aclimatación,senderismo,2021,5,2021-05-01,0.41384153740231244,-0.044253845830391915,0.2632790821767257,0.3503404888299778,0.48309599856535596,0.1048967578292167,GEE:S2_SR_HARMONIZED
pn_tablas_daimiel_senderismo_la_laguna_permanente_003,La Laguna Permanente,senderismo,2021,5,2021-05-01,0.44776203398731024,-0.008766910882466816,0.30212087938090015,0.3446846694738658,0.5288886416416901,0.15011997675848338,GEE:S2_SR_HARMONIZED
pn_tablas_daimiel_senderismo_molino_de_molemocho_004,Molino de Molemocho,senderismo,2021,5,2021-05-01,0.42859390645192497,-0.0202461272740854,0.27064930355442723,0.3809185316138071,0.4898098816789647,0.13231272754878676,GEE:S2_SR_HARMONIZED
pn_tablas_daimiel_senderismo_la_torre_de_prado_ancho_000,La Torre de Prado Ancho,senderismo,2021,6,2021-06-01,0.32718179277941156,-0.10511562318240056,0.2339933841955406,0.27157290487783586,0.3686873221461454,0.08372356830977684,GEE:S2_SR_HARMONIZED
pn_tablas_daimiel_senderismo_la_isla_del_pan_001,La Isla del Pan,senderismo,2021,6,2021-06-01,0.48190274733841587,0.0685009062435966,0.3638879010102234,0.3179703769027787,0.6187700935852565,0.17715052096576883,GEE:S2_SR_HARMONIZED
pn_tablas_daimiel_senderismo_la_laguna_de_aclimatacion_002,La Laguna de Aclimatación,senderismo,2021,6,2021-06-01,0.39177185581253354,-0.013721895989025833,0.2662775297875385,0.28199190165372506,0.48293940694826953,0.12727816173531864,GEE:S2_SR_HARMONIZED
pn_tablas_daimiel_senderismo_la_laguna_permanente_003,La Laguna Permanente,senderismo,2021,6,2021-06-01,0.45360479974267615,0.027353729602613768,0.3410483676393057,0.3579644470746919,0.5257965446039058,0.14273865079733616,GEE:S2_SR_HARMONIZED
pn_tablas_daimiel_senderismo_molino_de_molemocho_004,Molino de Molemocho,senderismo,2021,6,2021-06-01,0.30829939458602595,-0.09569596904096436,0.21621220146372513,0.22466020048475085,0.4130437571173187,0.1219087883533684,GEE:S2_SR_HARMONIZED
pn_tablas_daimiel_senderismo_la_torre_de_prado_ancho_000,La Torre de Prado Ancho,senderismo,2021,7,2021-07-01,0.35979247771587114,-0.08049949197177926,0.25870489319429407,0.271522198614009,0.4434863736448825,0.12128117928656439,GEE:S2_SR_HARMONIZED
pn_tablas_daimiel_senderismo_la_isla_del_pan_001,La Isla del Pan,senderismo,2021,7,2021-07-01,0.5093763469691865,0.09871134981377216,0.4097297592901008,0.29879187871017754,0.7007137903208852,0.21323715240878302,GEE:S2_SR_HARMONIZED
pn_tablas_daimiel_senderismo_la_laguna_de_aclimatacion_002,La Laguna de Aclimatación,senderismo,2021,7,2021-07-01,0.3900454015584113,-0.01739603848007037,0.2787840025475529,0.2519608966084228,0.5131028468176481,0.14933478042940015,GEE:S2_SR_HARMONIZED
pn_tablas_daimiel_senderismo_la_laguna_permanente_003,La Laguna Permanente,senderismo,2021,7,2021-07-01,0.4911378819096321,0.05743576998022418,0.38111267372863605,0.3526525483213193,0.6340314359895548,0.1776976774380314,GEE:S2_SR_HARMONIZED
pn_tablas_daimiel_senderismo_molino_de_molemocho_004,Molino de Molemocho,senderismo,2021,7,2021-07-01,0.2901792485428008,-0.13229265273592514,0.19703098025523727,0.20133142256573974,0.3888500779867172,0.11753822440543063,GEE:S2_SR_HARMONIZED
pn_tablas_daimiel_senderismo_la_torre_de_prado_ancho_000,La Torre de Prado Ancho,senderismo,2021,8,2021-08-01,0.35807009419768787,-0.061328095636077426,0.2591182097479415,0.2558235650568567,0.450671197612844,0.13006724100693487,GEE:S2_SR_HARMONIZED
pn_tablas_daimiel_senderismo_la_isla_del_pan_001,La Isla del Pan,senderismo,2021,8,2021-08-01,0.49811092728119744,0.10271811504945946,0.39309535604429946,0.288031724980101,0.685338375562015,0.20964599632589223,GEE:S2_SR_HARMONIZED
pn_tablas_daimiel_senderismo_la_laguna_de_aclimatacion_002,La Laguna de Aclimatación,senderismo,2021,8,2021-08-01,0.37883211591721355,-0.006901464248601883,0.270941706577989,0.24345367734953,0.5035046339035034,0.1475108462731353,GEE:S2_SR_HARMONIZED
pn_tablas_daimiel_senderismo_la_laguna_permanente_003,La Laguna Permanente,senderismo,2021,8,2021-08-01,0.48992302995327514,0.06915077473715886,0.3741527101693479,0.35328977803389233,0.6423543150791984,0.17423598149717073,GEE:S2_SR_HARMONIZED
pn_tablas_daimiel_senderismo_molino_de_molemocho_004,Molino de Molemocho,senderismo,2021,8,2021-08-01,0.2664406069069073,-0.1349442296456066,0.18051720434527732,0.1891546334539141,0.3373202188605709,0.1015161785540587,GEE:S2_SR_HARMONIZED
pn_tablas_daimiel_senderismo_la_torre_de_prado_ancho_000,La Torre de Prado Ancho,senderismo,2021,9,2021-09-01,0.3837663064226261,-0.0957064142435268,0.2508524711923626,0.2752646930309135,0.4862567335073294,0.13312607952192942,GEE:S2_SR_HARMONIZED
pn_tablas_daimiel_senderismo_la_isla_del_pan_001,La Isla del Pan,senderismo,2021,9,2021-09-01,0.49893444661511743,0.03859750258779536,0.3333340465719273,0.31087220954895023,0.6589154916394699,0.19026646267328995,GEE:S2_SR_HARMONIZED
pn_tablas_daimiel_senderismo_la_laguna_de_aclimatacion_002,La Laguna de Aclimatación,senderismo,2021,9,2021-09-01,0.4018379024087672,-0.05141431310759528,0.2564953433194101,0.26692714232701464,0.5291192481628043,0.1493996617286657,GEE:S2_SR_HARMONIZED
pn_tablas_daimiel_senderismo_la_laguna_permanente_003,La Laguna Permanente,senderismo,2021,9,2021-09-01,0.5081422556134603,0.02365296443700371,0.3332037712724926,0.38814195569875864,0.6270697795953908,0.16042481842317272,GEE:S2_SR_HARMONIZED
pn_tablas_daimiel_senderismo_molino_de_molemocho_004,Molino de Molemocho,senderismo,2021,9,2021-09-01,0.30404883995252036,-0.1658762100401586,0.16871107003496838,0.208611038401164,0.387734253606905,0.1272123738073269,GEE:S2_SR_HARMONIZED
pn_tablas_daimiel_senderismo_la_torre_de_prado_ancho_000,La Torre de Prado Ancho,senderismo,2021,10,2021-10-01,0.3796988694986809,-0.1279463383324567,0.22435880638300493,0.31832630899047054,0.44324191797464907,0.09108834846628469,GEE:S2_SR_HARMONIZED
pn_tablas_daimiel_senderismo_la_isla_del_pan_001,La Isla del Pan,senderismo,2021,10,2021-10-01,0.4548963112022002,-0.04469066187343298,0.26330477408501474,0.36463166981104356,0.5448812036186303,0.12059595471693504,GEE:S2_SR_HARMONIZED
pn_tablas_daimiel_senderismo_la_laguna_de_aclimatacion_002,La Laguna de Aclimatación,senderismo,2021,10,2021-10-01,0.4185406140838461,-0.08725950733475285,0.2346538516477754,0.345428593716827,0.49736649394035337,0.11732255835400847,GEE:S2_SR_HARMONIZED
pn_tablas_daimiel_senderismo_la_laguna_permanente_003,La Laguna Permanente,senderismo,2021,10,2021-10-01,0.4803950655182952,-0.01897891913072918,0.2890230507346457,0.4086040873681345,0.5410077969233195,0.11763312117444649,GEE:S2_SR_HARMONIZED
pn_tablas_daimiel_senderismo_molino_de_molemocho_004,Molino de Molemocho,senderismo,2021,10,2021-10-01,0.371899826589146,-0.15031350544914018,0.20010820642076596,0.3180209388853718,0.4300838157131865,0.12078510569818209,GEE:S2_SR_HARMONIZED
pn_tablas_daimiel_senderismo_la_torre_de_prado_ancho_000,La Torre de Prado Ancho,senderismo,2021,11,2021-11-01,0.33755862256275443,-0.14529514085479267,0.18146963987582976,0.263726887333997,0.3963454927910458,0.08983746709859286,GEE:S2_SR_HARMONIZED
pn_tablas_daimiel_senderismo_la_isla_del_pan_001,La Isla del Pan,senderismo,2021,11,2021-11-01,0.4033585681899155,-0.08524722201730851,0.2019835410216128,0.32631183223286525,0.4706540605990715,0.09811740168373914,GEE:S2_SR_HARMONIZED
pn_tablas_daimiel_senderismo_la_laguna_de_aclimatacion_002,La Laguna de Aclimatación,senderismo,2021,11,2021-11-01,0.41190096264202414,-0.08649613398070431,0.20857111634880576,0.36145042120769966,0.47093409676123504,0.08657079898923596,GEE:S2_SR_HARMONIZED
pn_tablas_daimiel_senderismo_la_laguna_permanente_003,La Laguna Permanente,senderismo,2021,11,2021-11-01,0.43209145766466134,-0.02985253499767257,0.21979741891167442,0.357333436356936,0.48985955408100995,0.11275746218039177,GEE:S2_SR_HARMONIZED
pn_tablas_daimiel_senderismo_molino_de_molemocho_004,Molino de Molemocho,senderismo,2021,11,2021-11-01,0.5014626360544611,-0.012100067917589968,0.2715626186446412,0.46730786136218483,0.5871406997295227,0.14315691173146147,GEE:S2_SR_HARMONIZED
pn_tablas_daimiel_senderismo_la_torre_de_prado_ancho_000,La Torre de Prado Ancho,senderismo,2021,12,2021-12-01,0.3302647195826217,-0.16933232359651978,0.17945021398084285,0.25174647655801763,0.38897821549796774,0.09787334592353492,GEE:S2_SR_HARMONIZED
pn_tablas_daimiel_senderismo_la_isla_del_pan_001,La Isla del Pan,senderismo,2021,12,2021-12-01,0.38442185464240713,-0.13054044688063526,0.18105209957720422,0.2927814261358424,0.47211414654759065,0.12135728337940066,GEE:S2_SR_HARMONIZED
pn_tablas_daimiel_senderismo_la_laguna_de_aclimatacion_002,La Laguna de Aclimatación,senderismo,2021,12,2021-12-01,0.4067236539565956,-0.12810142135318733,0.19459038549519134,0.34902737140655515,0.45521166544444486,0.09728895533706454,GEE:S2_SR_HARMONIZED
pn_tablas_daimiel_senderismo_la_laguna_permanente_003,La Laguna Permanente,senderismo,2021,12,2021-12-01,0.39786535647383353,-0.11009673775183054,0.19466175601890146,0.3338283747434616,0.44689007103443146,0.09847648333786764,GEE:S2_SR_HARMONIZED
pn_tablas_daimiel_senderismo_molino_de_molemocho_004,Molino de Molemocho,senderismo,2021,12,2021-12-01,0.566577560883799,0.03474977569677115,0.30474193851360587,0.5251099200430105,0.6741570477984982,0.17059448967667154,GEE:S2_SR_HARMONIZED
pn_tablas_daimiel_senderismo_la_torre_de_prado_ancho_000,La Torre de Prado Ancho,senderismo,2022,1,2022-01-01,0.33608489170472244,-0.18039295575550174,0.17893522640889517,0.24804816585764108,0.3967454671031333,0.10656286593145305,GEE:S2_SR_HARMONIZED
pn_tablas_daimiel_senderismo_la_isla_del_pan_001,La Isla del Pan,senderismo,2022,1,2022-01-01,0.3778578091525082,-0.12734055998519436,0.18726392484858184,0.2633283065894853,0.49041929961732056,0.13342346833138,GEE:S2_SR_HARMONIZED
pn_tablas_daimiel_senderismo_la_laguna_de_aclimatacion_002,La Laguna de Aclimatación,senderismo,2022,1,2022-01-01,0.3997497086289824,-0.13629657690674168,0.20035089408570614,0.32621999192624435,0.46315324306488037,0.10791812619891732,GEE:S2_SR_HARMONIZED
pn_tablas_daimiel_senderismo_la_laguna_permanente_003,La Laguna Permanente,senderismo,2022,1,2022-01-01,0.3717860757402465,-0.13564993580828802,0.18498003666703627,0.2946948732570109,0.43547664613234743,0.10147431679039112,GEE:S2_SR_HARMONIZED
pn_tablas_daimiel_senderismo_molino_de_molemocho_004,Molino de Molemocho,senderismo,2022,1,2022-01-01,0.5415466083188951,0.04913705829617651,0.32623538734029867,0.4903623775855915,0.6382675319910049,0.15586856793795062,GEE:S2_SR_HARMONIZED
pn_tablas_daimiel_senderismo_la_torre_de_prado_ancho_000,La Torre de Prado Ancho,senderismo,2022,2,2022-02-01,0.2978729629079339,-0.19797351522567125,0.17239580306350755,0.21673165698064642,0.3493357288390321,0.09926320711657803,GEE:S2_SR_HARMONIZED
pn_tablas_daimiel_senderismo_la_isla_del_pan_001,La Isla del Pan,senderismo,2022,2,2022-02-01,0.3582149648564336,-0.1409421853880164,0.18617674150888786,0.2483194292767885,0.46658824521943854,0.12553636095077614,GEE:S2_SR_HARMONIZED
pn_tablas_daimiel_senderismo_la_laguna_de_aclimatacion_002,La Laguna de Aclimatación,senderismo,2022,2,2022-02-01,0.36502744469599,-0.15540194150762277,0.19218990818223863,0.29918845169905245,0.4248020052909851,0.10228680667079071,GEE:S2_SR_HARMONIZED
pn_tablas_daimiel_senderismo_la_laguna_permanente_003,La Laguna Permanente,senderismo,2022,2,2022-02-01,0.3388096830384916,-0.15883820438889115,0.1812861129306226,0.26753371724224706,0.4004755059452811,0.09820766728485836,GEE:S2_SR_HARMONIZED
pn_tablas_daimiel_senderismo_molino_de_molemocho_004,Molino de Molemocho,senderismo,2022,2,2022-02-01,0.5061410595622005,0.010731497896667044,0.3048511807589081,0.4584253132343292,0.6033731704396674,0.15154105350400443,GEE:S2_SR_HARMONIZED
pn_tablas_daimiel_senderismo_la_torre_de_prado_ancho_000,La Torre de Prado Ancho,senderismo,2022,3,2022-03-01,0.30639168528266253,-0.2013770640194995,0.1962342281972897,0.22947505494060164,0.3620527344090598,0.09293723972100214,GEE:S2_SR_HARMONIZED
pn_tablas_daimiel_senderismo_la_isla_del_pan_001,La Isla del Pan,senderismo,2022,3,2022-03-01,0.32993633713966575,-0.12180563136004556,0.2239987992693201,0.26618946592013043,0.3776608017774729,0.07455355571059667,GEE:S2_SR_HARMONIZED
pn_tablas_daimiel_senderismo_la_laguna_de_aclimatacion_002,La Laguna de Aclimatación,senderismo,2022,3,2022-03-01,0.3451685517624035,-0.09610040938270638,0.2265949566412832,0.2941364456306804,0.39924314618110657,0.07986156872156715,GEE:S2_SR_HARMONIZED
pn_tablas_daimiel_senderismo_la_laguna_permanente_003,La Laguna Permanente,senderismo,2022,3,2022-03-01,0.3478829455662174,-0.10720417915237697,0.2396245394048721,0.3056978689899077,0.3915047562134503,0.07004424172703075,GEE:S2_SR_HARMONIZED
pn_tablas_daimiel_senderismo_molino_de_molemocho_004,Molino de Molemocho,senderismo,2022,3,2022-03-01,0.4779507978225251,-0.016426321400925856,0.3300721938617514,0.40877572651747823,0.5637724766263362,0.130709167143112,GEE:S2_SR_HARMONIZED
pn_tablas_daimiel_senderismo_la_torre_de_prado_ancho_000,La Torre de Prado Ancho,senderismo,2022,4,2022-04-01,0.35297137209635326,-0.1281103548439821,0.2303753552376618,0.2479505765041659,0.4398218142572126,0.12718180056102746,GEE:S2_SR_HARMONIZED
pn_tablas_daimiel_senderismo_la_isla_del_pan_001,La Isla del Pan,senderismo,2022,4,2022-04-01,0.40568748569237384,-0.05957639790687366,0.24480779017144447,0.2517001160190047,0.549292599384113,0.16124558463288352,GEE:S2_SR_HARMONIZED
pn_tablas_daimiel_senderismo_la_laguna_de_aclimatacion_002,La Laguna de Aclimatación,senderismo,2022,4,2022-04-01,0.4408072119158158,-0.0369163041683251,0.2747130252857467,0.34922594517547906,0.53779521855441,0.11817748867767933,GEE:S2_SR_HARMONIZED
pn_tablas_daimiel_senderismo_la_laguna_permanente_003,La Laguna Permanente,senderismo,2022,4,2022-04-01,0.42402869083615885,-0.04853149968055447,0.2651042749968433,0.3102103702941159,0.5255997038367903,0.14322174676519125,GEE:S2_SR_HARMONIZED
pn_tablas_daimiel_senderismo_molino_de_molemocho_004,Molino de Molemocho,senderismo,2022,4,2022-04-01,0.5725980660470856,0.13657221936029632,0.4014000838552311,0.5493375127858454,0.6618173312431881,0.15273418958962043,GEE:S2_SR_HARMONIZED
pn_tablas_daimiel_senderismo_la_torre_de_prado_ancho_000,La Torre de Prado Ancho,senderismo,2022,5,2022-05-01,0.335028771403025,-0.12248836380787201,0.22700711043504251,0.23576364193670096,0.42823999860460643,0.11390060363369948,GEE:S2_SR_HARMONIZED
pn_tablas_daimiel_senderismo_la_isla_del_pan_001,La Isla del Pan,senderismo,2022,5,2022-05-01,0.4277001222403104,-0.02790944151300085,0.2722835533021121,0.3415474330158845,0.5024127752872698,0.12144754907302785,GEE:S2_SR_HARMONIZED
pn_tablas_daimiel_senderismo_la_laguna_de_aclimatacion_002,La Laguna de Aclimatación,senderismo,2022,5,2022-05-01,0.44890518121517003,-0.0160492223843348,0.28891479272077786,0.38838686105571213,0.5234477519989014,0.10687270274058823,GEE:S2_SR_HARMONIZED
pn_tablas_daimiel_senderismo_la_laguna_permanente_003,La Laguna Permanente,senderismo,2022,5,2022-05-01,0.46987947473269837,0.0010112854420542177,0.3206893731804208,0.38103166803415495,0.5490093470290542,0.1535434084018934,GEE:S2_SR_HARMONIZED
pn_tablas_daimiel_senderismo_molino_de_molemocho_004,Molino de Molemocho,senderismo,2022,5,2022-05-01,0.4304129593304664,-3.0544954697770576E-4,0.2829027817619894,0.3717207113901774,0.5103133916854858,0.1317909680201305,GEE:S2_SR_HARMONIZED
pn_tablas_daimiel_senderismo_la_torre_de_prado_ancho_000,La Torre de Prado Ancho,senderismo,2022,6,2022-06-01,0.2995776623498239,-0.09221721443818677,0.22315242319078213,0.251808200044398,0.3342267563847594,0.06802849836643059,GEE:S2_SR_HARMONIZED
pn_tablas_daimiel_senderismo_la_isla_del_pan_001,La Isla del Pan,senderismo,2022,6,2022-06-01,0.4579595559094716,0.07670727452000776,0.3585504799199204,0.30372540210373705,0.5911653137498647,0.17799770472366971,GEE:S2_SR_HARMONIZED
pn_tablas_daimiel_senderismo_la_laguna_de_aclimatacion_002,La Laguna de Aclimatación,senderismo,2022,6,2022-06-01,0.37821196121423306,-0.01211724244242768,0.26714344142545454,0.26777168622123,0.4673785607240818,0.12065392177293327,GEE:S2_SR_HARMONIZED
pn_tablas_daimiel_senderismo_la_laguna_permanente_003,La Laguna Permanente,senderismo,2022,6,2022-06-01,0.452988076056155,0.052553064813421674,0.34921656093950654,0.34662543629688,0.5483528673648834,0.15029581505154405,GEE:S2_SR_HARMONIZED
pn_tablas_daimiel_senderismo_molino_de_molemocho_004,Molino de Molemocho,senderismo,2022,6,2022-06-01,0.27952486004022,-0.0688966065635612,0.19962934399183183,0.20871760472171844,0.34972499390688455,0.10377016393928415,GEE:S2_SR_HARMONIZED
pn_tablas_daimiel_senderismo_la_torre_de_prado_ancho_000,La Torre de Prado Ancho,senderismo,2022,7,2022-07-01,0.3310900612698362,-0.07299260978074752,0.24170103978152202,0.2556175963463499,0.40060959815221975,0.10141932492964502,GEE:S2_SR_HARMONIZED
pn_tablas_daimiel_senderismo_la_isla_del_pan_001,La Isla del Pan,senderismo,2022,7,2022-07-01,0.4862412335408189,0.109155426749458,0.40487586192376274,0.2753223424565922,0.6811233110486447,0.21784671690439858,GEE:S2_SR_HARMONIZED
pn_tablas_daimiel_senderismo_la_laguna_de_aclimatacion_002,La Laguna de Aclimatación,senderismo,2022,7,2022-07-01,0.37998173169868027,0.002444103072105034,0.27134717120678165,0.25152457865389216,0.4908180343526576,0.14259555836282412,GEE:S2_SR_HARMONIZED
pn_tablas_daimiel_senderismo_la_laguna_permanente_003,La Laguna Permanente,senderismo,2022,7,2022-07-01,0.45597151935495167,0.048374368376442586,0.35537050918002566,0.3263558913454518,0.5647272541055457,0.16931958575877348,GEE:S2_SR_HARMONIZED
pn_tablas_daimiel_senderismo_molino_de_molemocho_004,Molino de Molemocho,senderismo,2022,7,2022-07-01,0.2614366363767283,-0.08929397417173388,0.18528337707748965,0.1898220351764134,0.3261023412148158,0.10011590012370097,GEE:S2_SR_HARMONIZED
pn_tablas_daimiel_senderismo_la_torre_de_prado_ancho_000,La Torre de Prado Ancho,senderismo,2022,8,2022-08-01,0.34318581539351767,-0.07615266396471507,0.24296942407529892,0.2520196711866224,0.42819252295090743,0.11791493821164739,GEE:S2_SR_HARMONIZED
pn_tablas_daimiel_senderismo_la_isla_del_pan_001,La Isla del Pan,senderismo,2022,8,2022-08-01,0.33263089063600865,-0.06116393125391347,0.24425776767553586,0.22063359557940426,0.4202077064739499,0.13964181256783142,GEE:S2_SR_HARMONIZED
pn_tablas_daimiel_senderismo_la_laguna_de_aclimatacion_002,La Laguna de Aclimatación,senderismo,2022,8,2022-08-01,0.3847507287863968,-0.011679918297185688,0.2652254268356029,0.24434050953708084,0.4985702801769343,0.14586969600542346,GEE:S2_SR_HARMONIZED
pn_tablas_daimiel_senderismo_la_laguna_permanente_003,La Laguna Permanente,senderismo,2022,8,2022-08-01,0.44333840357751575,0.02152981402327811,0.324378827503547,0.31488104401929573,0.5530593991279602,0.15995543711206678,GEE:S2_SR_HARMONIZED
pn_tablas_daimiel_senderismo_molino_de_molemocho_004,Molino de Molemocho,senderismo,2022,8,2022-08-01,0.2644393246578858,-0.11970041344984882,0.1760981065022844,0.19039404860061712,0.33445437679666395,0.10312734421377584,GEE:S2_SR_HARMONIZED
pn_tablas_daimiel_senderismo_la_torre_de_prado_ancho_000,La Torre de Prado Ancho,senderismo,2022,9,2022-09-01,0.3628807651888082,-0.055650827127766866,0.24530013509346754,0.2557344963991174,0.45801321242869797,0.13246873829113287,GEE:S2_SR_HARMONIZED
pn_tablas_daimiel_senderismo_la_isla_del_pan_001,La Isla del Pan,senderismo,2022,9,2022-09-01,0.3176975311651005,-0.07798024695178492,0.21768153541755214,0.20140205896970703,0.4163241386413574,0.14455726462901908,GEE:S2_SR_HARMONIZED
pn_tablas_daimiel_senderismo_la_laguna_de_aclimatacion_002,La Laguna de Aclimatación,senderismo,2022,9,2022-09-01,0.38742213500376915,-0.015215048559547058,0.24596288788395096,0.24793004589734108,0.5096236773509626,0.1473599965970521,GEE:S2_SR_HARMONIZED
pn_tablas_daimiel_senderismo_la_laguna_permanente_003,La Laguna Permanente,senderismo,2022,9,2022-09-01,0.43085031837580207,0.013992808341538689,0.2961527486496415,0.3063998111096238,0.5329038200220508,0.1632967127058984,GEE:S2_SR_HARMONIZED
pn_tablas_daimiel_senderismo_molino_de_molemocho_004,Molino de Molemocho,senderismo,2022,9,2022-09-01,0.27531677013164885,-0.1039572256884898,0.1762481388807345,0.1893445894968041,0.34161260331348453,0.1195734522028698,GEE:S2_SR_HARMONIZED
pn_tablas_daimiel_senderismo_la_torre_de_prado_ancho_000,La Torre de Prado Ancho,senderismo,2022,10,2022-10-01,0.3112914013336698,-0.08850853501488683,0.20710757420704826,0.24662805360142112,0.37021822245506425,0.08892926192629158,GEE:S2_SR_HARMONIZED
pn_tablas_daimiel_senderismo_la_isla_del_pan_001,La Isla del Pan,senderismo,2022,10,2022-10-01,0.24807511266782628,-0.08696445259051422,0.1862117341846836,0.16685842474301657,0.3246666727498436,0.09925713596137614,GEE:S2_SR_HARMONIZED
pn_tablas_daimiel_senderismo_la_laguna_de_aclimatacion_002,La Laguna de Aclimatación,senderismo,2022,10,2022-10-01,0.33170170542530825,-0.028293636093214652,0.2158315425913966,0.22877981004487608,0.40872821225612255,0.10674903843303614,GEE:S2_SR_HARMONIZED
pn_tablas_daimiel_senderismo_la_laguna_permanente_003,La Laguna Permanente,senderismo,2022,10,2022-10-01,0.3576771166134445,0.005896244951876395,0.25207436163691466,0.2865088405957246,0.4203521613755721,0.11350129156853443,GEE:S2_SR_HARMONIZED
pn_tablas_daimiel_senderismo_molino_de_molemocho_004,Molino de Molemocho,senderismo,2022,10,2022-10-01,0.26144298267820204,-0.09685434587669095,0.17098463821329232,0.18888023495674133,0.30669121549892014,0.1002592492609214,GEE:S2_SR_HARMONIZED
pn_tablas_daimiel_senderismo_la_torre_de_prado_ancho_000,La Torre de Prado Ancho,senderismo,2022,11,2022-11-01,0.2614417051792899,-0.16038190071537617,0.13750765867812703,0.2214348885892449,0.2919322898480586,0.05679304698178774,GEE:S2_SR_HARMONIZED
pn_tablas_daimiel_senderismo_la_isla_del_pan_001,La Isla del Pan,senderismo,2022,11,2022-11-01,0.24520013837781604,-0.13951629990065398,0.13689119839122513,0.15338588573816173,0.30546734796425284,0.09834147030737841,GEE:S2_SR_HARMONIZED
pn_tablas_daimiel_senderismo_la_laguna_de_aclimatacion_002,La Laguna de Aclimatación,senderismo,2022,11,2022-11-01,0.32719099559811193,-0.12432161749957865,0.16335002016100794,0.27820455809411127,0.37800608575344086,0.07651116060532787,GEE:S2_SR_HARMONIZED
pn_tablas_daimiel_senderismo_la_laguna_permanente_003,La Laguna Permanente,senderismo,2022,11,2022-11-01,0.3329863436154179,-0.08315780641411714,0.19625152399837564,0.26763170313854306,0.3695172777005305,0.11659171075773367,GEE:S2_SR_HARMONIZED
pn_tablas_daimiel_senderismo_molino_de_molemocho_004,Molino de Molemocho,senderismo,2022,11,2022-11-01,0.3020300520428164,-0.1327817256002619,0.1663936390640119,0.21661784803682518,0.36155115029138174,0.12335292707623684,GEE:S2_SR_HARMONIZED
pn_tablas_daimiel_senderismo_la_torre_de_prado_ancho_000,La Torre de Prado Ancho,senderismo,2022,12,2022-12-01,0.07554990977387592,-0.05576392818060734,0.10817283213643698,0.047968854912129384,0.08855483172441203,0.03974331066384529,GEE:S2_SR_HARMONIZED
pn_tablas_daimiel_senderismo_la_isla_del_pan_001,La Isla del Pan,senderismo,2022,12,2022-12-01,0.04143195682256582,-0.02591290686744122,0.06720921805446703,0.016527907931106603,0.06158043439624888,0.03196161268147652,GEE:S2_SR_HARMONIZED
pn_tablas_daimiel_senderismo_la_laguna_de_aclimatacion_002,La Laguna de Aclimatación,senderismo,2022,12,2022-12-01,0.14620798913319005,-0.07474421478084481,0.09024718021707809,0.08483278598876026,0.19758788496255875,0.06394188811424417,GEE:S2_SR_HARMONIZED
pn_tablas_daimiel_senderismo_la_laguna_permanente_003,La Laguna Permanente,senderismo,2022,12,2022-12-01,0.0632460600170788,-0.03540196133664636,0.09567669643888042,0.035812492056317737,0.08520956698568226,0.036523690352587804,GEE:S2_SR_HARMONIZED
pn_tablas_daimiel_senderismo_molino_de_molemocho_004,Molino de Molemocho,senderismo,2022,12,2022-12-01,0.07803277496131553,-0.03314249803256658,0.12029297165718145,0.05639550897781221,0.09642385467617302,0.023654598939056887,GEE:S2_SR_HARMONIZED
pn_tablas_daimiel_senderismo_la_torre_de_prado_ancho_000,La Torre de Prado Ancho,senderismo,2023,1,2023-01-01,0.30960004245631534,-0.23584863476697254,0.14550973275565124,0.24403722781169346,0.353693589477227,0.08194433057082842,GEE:S2_SR_HARMONIZED
pn_tablas_daimiel_senderismo_la_isla_del_pan_001,La Isla del Pan,senderismo,2023,1,2023-01-01,0.18733767877959748,-0.20055688646917197,0.10793688429848909,0.06520934775471687,0.41849844615167137,0.35594492566579516,GEE:S2_SR_HARMONIZED
pn_tablas_daimiel_senderismo_la_laguna_de_aclimatacion_002,La Laguna de Aclimatación,senderismo,2023,1,2023-01-01,0.355278561039773,-0.18618789377462194,0.1638256418868692,0.30604530712547584,0.40065606729061964,0.08019186194505147,GEE:S2_SR_HARMONIZED
pn_tablas_daimiel_senderismo_la_laguna_permanente_003,La Laguna Permanente,senderismo,2023,1,2023-01-01,0.307164976313604,-0.19077038217770112,0.144604750297029,0.269066165983852,0.370843374255361,0.1344600475161128,GEE:S2_SR_HARMONIZED
pn_tablas_daimiel_senderismo_molino_de_molemocho_004,Molino de Molemocho,senderismo,2023,1,2023-01-01,0.40290460784893045,-0.09253644479437333,0.21991357812212836,0.3253318986380649,0.48221225654005356,0.12909427518651276,GEE:S2_SR_HARMONIZED
pn_tablas_daimiel_senderismo_la_torre_de_prado_ancho_000,La Torre de Prado Ancho,senderismo,2023,2,2023-02-01,0.27274491539918166,-0.22285619963221995,0.1518735157109122,0.2157445450212152,0.30576625532672386,0.07302870306342679,GEE:S2_SR_HARMONIZED
pn_tablas_daimiel_senderismo_la_isla_del_pan_001,La Isla del Pan,senderismo,2023,2,2023-02-01,0.18835554926710835,-0.15413398032088596,0.11671946333033915,0.09797418817633488,0.38631967123574923,0.2955120774506921,GEE:S2_SR_HARMONIZED
pn_tablas_daimiel_senderismo_la_laguna_de_aclimatacion_002,La Laguna de Aclimatación,senderismo,2023,2,2023-02-01,0.33105923585556324,-0.16617781420467373,0.1712942688942837,0.28831249475479126,0.364233057817973,0.07203093581548968,GEE:S2_SR_HARMONIZED
pn_tablas_daimiel_senderismo_la_laguna_permanente_003,La Laguna Permanente,senderismo,2023,2,2023-02-01,0.2913978635951244,-0.1780054444202213,0.15624527932681115,0.2445220045957797,0.34584873135932,0.09280721674841932,GEE:S2_SR_HARMONIZED
pn_tablas_daimiel_senderismo_molino_de_molemocho_004,Molino de Molemocho,senderismo,2023,2,2023-02-01,0.39405332777516633,-0.10336641606295861,0.2225425945519778,0.33969264540327604,0.4511528676345354,0.1181173394056036,GEE:S2_SR_HARMONIZED
pn_tablas_daimiel_senderismo_la_torre_de_prado_ancho_000,La Torre de Prado Ancho,senderismo,2023,3,2023-03-01,0.2734076876364843,-0.21590488652488588,0.1590901854980996,0.20991064612633195,0.31567289134026344,0.07982175757820931,GEE:S2_SR_HARMONIZED
pn_tablas_daimiel_senderismo_la_isla_del_pan_001,La Isla del Pan,senderismo,2023,3,2023-03-01,0.21692912276157178,-0.14266206239499438,0.13892674044112435,0.13686607352969077,0.4264816192617082,0.304043807686286,GEE:S2_SR_HARMONIZED
pn_tablas_daimiel_senderismo_la_laguna_de_aclimatacion_002,La Laguna de Aclimatación,senderismo,2023,3,2023-03-01,0.33603117892694057,-0.1708282865209666,0.18255686177670608,0.2844615018862999,0.39263580159234857,0.08699875468606545,GEE:S2_SR_HARMONIZED
pn_tablas_daimiel_senderismo_la_laguna_permanente_003,La Laguna Permanente,senderismo,2023,3,2023-03-01,0.3092369907020648,-0.16757744199144065,0.17635560837543765,0.24419125617621185,0.3806647137890839,0.10292270575471475,GEE:S2_SR_HARMONIZED
pn_tablas_daimiel_senderismo_molino_de_molemocho_004,Molino de Molemocho,senderismo,2023,3,2023-03-01,0.39508455384314256,-0.09126350404264623,0.2357572519998441,0.3494612175792992,0.4593518698585604,0.12146521882930464,GEE:S2_SR_HARMONIZED
pn_tablas_daimiel_senderismo_la_torre_de_prado_ancho_000,La Torre de Prado Ancho,senderismo,2023,4,2023-04-01,0.27110678639383495,-0.1821708150093866,0.17707181464725288,0.21188580636868076,0.3191832542072607,0.06763503963985944,GEE:S2_SR_HARMONIZED
pn_tablas_daimiel_senderismo_la_isla_del_pan_001,La Isla del Pan,senderismo,2023,4,2023-04-01,0.26704461678346053,-0.08467062387842751,0.16784498822193195,0.200103175481934,0.39487369947206996,0.21141865623251677,GEE:S2_SR_HARMONIZED
pn_tablas_daimiel_senderismo_la_laguna_de_aclimatacion_002,La Laguna de Aclimatación,senderismo,2023,4,2023-04-01,0.3422673840771726,-0.11968332815948286,0.2088852396148341,0.3011561095714569,0.3909524455666542,0.0711007438137459,GEE:S2_SR_HARMONIZED
pn_tablas_daimiel_senderismo_la_laguna_permanente_003,La Laguna Permanente,senderismo,2023,4,2023-04-01,0.35165223329675976,-0.09917450996692946,0.22968238859546758,0.2684079018786224,0.4040147130131261,0.11943441880546286,GEE:S2_SR_HARMONIZED
pn_tablas_daimiel_senderismo_molino_de_molemocho_004,Molino de Molemocho,senderismo,2023,4,2023-04-01,0.36082611334656695,-0.0864831977922969,0.23573935756587314,0.32301307774826965,0.4119380751034109,0.10231937715726648,GEE:S2_SR_HARMONIZED
pn_tablas_daimiel_senderismo_la_torre_de_prado_ancho_000,La Torre de Prado Ancho,senderismo,2023,5,2023-05-01,0.2647734308969566,-0.15072243816880398,0.1868491380448115,0.2170889828547801,0.2910148611067381,0.06830521533984732,GEE:S2_SR_HARMONIZED
pn_tablas_daimiel_senderismo_la_isla_del_pan_001,La Isla del Pan,senderismo,2023,5,2023-05-01,0.2869635992123349,-0.013536702450652497,0.1986312890310102,0.230214400676696,0.43398459763211156,0.24840378514956993,GEE:S2_SR_HARMONIZED
pn_tablas_daimiel_senderismo_la_laguna_de_aclimatacion_002,La Laguna de Aclimatación,senderismo,2023,5,2023-05-01,0.35981043875046687,-0.0547484448232335,0.2429062815608466,0.2715845497347393,0.442630197065912,0.11794991190072103,GEE:S2_SR_HARMONIZED
pn_tablas_daimiel_senderismo_la_laguna_permanente_003,La Laguna Permanente,senderismo,2023,5,2023-05-01,0.399739348594913,-0.012496932100925085,0.29278622572379936,0.3004251291571129,0.4733966092305188,0.16462028123931302,GEE:S2_SR_HARMONIZED
pn_tablas_daimiel_senderismo_molino_de_molemocho_004,Molino de Molemocho,senderismo,2023,5,2023-05-01,0.30377172362149796,-0.1002360993699576,0.21297769574350045,0.2283803268459342,0.37403196411032147,0.11479521504677109,GEE:S2_SR_HARMONIZED
pn_tablas_daimiel_senderismo_la_torre_de_prado_ancho_000,La Torre de Prado Ancho,senderismo,2023,6,2023-06-01,0.38212912724690284,-0.09472226757634757,0.2578539402851579,0.32940864672604736,0.43189741051503305,0.08403027855778772,GEE:S2_SR_HARMONIZED
pn_tablas_daimiel_senderismo_la_isla_del_pan_001,La Isla del Pan,senderismo,2023,6,2023-06-01,0.37346722460667864,0.05440650573235628,0.2365996377816771,0.2769722274402587,0.5188094815360421,0.2287647852008844,GEE:S2_SR_HARMONIZED
pn_tablas_daimiel_senderismo_la_laguna_de_aclimatacion_002,La Laguna de Aclimatación,senderismo,2023,6,2023-06-01,0.44272522733560327,-0.02573009912357763,0.2843974051383673,0.3568881043773528,0.5209383570468237,0.1107100115148975,GEE:S2_SR_HARMONIZED
pn_tablas_daimiel_senderismo_la_laguna_permanente_003,La Laguna Permanente,senderismo,2023,6,2023-06-01,0.5042307497168046,0.056611420639301545,0.35836741621367546,0.4021746312410061,0.5973713864274577,0.15715489123073137,GEE:S2_SR_HARMONIZED
pn_tablas_daimiel_senderismo_molino_de_molemocho_004,Molino de Molemocho,senderismo,2023,6,2023-06-01,0.3479491557522725,-0.13599418990193002,0.22116102941264057,0.2865431963653466,0.41574495687636154,0.10493643255479937,GEE:S2_SR_HARMONIZED
pn_tablas_daimiel_senderismo_la_torre_de_prado_ancho_000,La Torre de Prado Ancho,senderismo,2023,7,2023-07-01,0.37701525761319093,-0.08285135583272596,0.2706677961722264,0.2870369135418036,0.458851495140257,0.11818961545069448,GEE:S2_SR_HARMONIZED
pn_tablas_daimiel_senderismo_la_isla_del_pan_001,La Isla del Pan,senderismo,2023,7,2023-07-01,0.4228851480483096,0.08370715679342419,0.27076595869642417,0.29266400472144166,0.5665311460070672,0.19867863276304,GEE:S2_SR_HARMONIZED
pn_tablas_daimiel_senderismo_la_laguna_de_aclimatacion_002,La Laguna de Aclimatación,senderismo,2023,7,2023-07-01,0.42649696505466156,-0.027058448797650323,0.29208858305332236,0.2985123809306852,0.5367436815144085,0.14250178587455223,GEE:S2_SR_HARMONIZED
pn_tablas_daimiel_senderismo_la_laguna_permanente_003,La Laguna Permanente,senderismo,2023,7,2023-07-01,0.5001501074195215,0.060278119375137135,0.37898752506196703,0.368368763585902,0.6347311735153198,0.17043473233705123,GEE:S2_SR_HARMONIZED
pn_tablas_daimiel_senderismo_molino_de_molemocho_004,Molino de Molemocho,senderismo,2023,7,2023-07-01,0.29162621471099864,-0.1522750132120531,0.19917683857706941,0.22442820145832346,0.36485531369273916,0.10128033314326199,GEE:S2_SR_HARMONIZED
pn_tablas_daimiel_senderismo_la_torre_de_prado_ancho_000,La Torre de Prado Ancho,senderismo,2023,8,2023-08-01,0.3691170888756563,-0.07827950840669821,0.2601125584738013,0.2555033874256042,0.47838925804622123,0.14173940357481524,GEE:S2_SR_HARMONIZED
pn_tablas_daimiel_senderismo_la_isla_del_pan_001,La Isla del Pan,senderismo,2023,8,2023-08-01,0.41867314404942746,0.0862216523940748,0.29396910986688723,0.25364184966865966,0.5657667341411754,0.1920423652419518,GEE:S2_SR_HARMONIZED
pn_tablas_daimiel_senderismo_la_laguna_de_aclimatacion_002,La Laguna de Aclimatación,senderismo,2023,8,2023-08-01,0.4155939156391706,-0.014377508255352126,0.28713853244440385,0.25528184572855633,0.553368330001831,0.1637282747330034,GEE:S2_SR_HARMONIZED
pn_tablas_daimiel_senderismo_la_laguna_permanente_003,La Laguna Permanente,senderismo,2023,8,2023-08-01,0.48939788185749333,0.06326203093351992,0.36236629496332184,0.34180009365081787,0.6465432218142918,0.18966648654478704,GEE:S2_SR_HARMONIZED
pn_tablas_daimiel_senderismo_molino_de_molemocho_004,Molino de Molemocho,senderismo,2023,8,2023-08-01,0.2647477179226927,-0.16593797572897145,0.17521912179754467,0.18994709261706177,0.326409715274108,0.10394626204426313,GEE:S2_SR_HARMONIZED
pn_tablas_daimiel_senderismo_la_torre_de_prado_ancho_000,La Torre de Prado Ancho,senderismo,2023,9,2023-09-01,0.39998949476183165,-0.09746121044724555,0.2505260726228553,0.2910038923161465,0.5018474201863236,0.13603557783056683,GEE:S2_SR_HARMONIZED
pn_tablas_daimiel_senderismo_la_isla_del_pan_001,La Isla del Pan,senderismo,2023,9,2023-09-01,0.37086467939589896,0.008908858303685359,0.2338050500702311,0.23039504284347134,0.5893246459505834,0.25795757798162366,GEE:S2_SR_HARMONIZED
pn_tablas_daimiel_senderismo_la_laguna_de_aclimatacion_002,La Laguna de Aclimatación,senderismo,2023,9,2023-09-01,0.4426090050621916,-0.0393542539803389,0.26919003152058824,0.295468670330861,0.5734836451964119,0.15230109120374688,GEE:S2_SR_HARMONIZED
pn_tablas_daimiel_senderismo_la_laguna_permanente_003,La Laguna Permanente,senderismo,2023,9,2023-09-01,0.5041903559083581,0.03042313597749503,0.32945989467516124,0.38721063743395306,0.6284293238947422,0.17134505091086444,GEE:S2_SR_HARMONIZED
pn_tablas_daimiel_senderismo_molino_de_molemocho_004,Molino de Molemocho,senderismo,2023,9,2023-09-01,0.32284540362123326,-0.1670896027793495,0.18951860156211078,0.24441615187482083,0.39270282779433263,0.1235319628047164,GEE:S2_SR_HARMONIZED
pn_tablas_daimiel_senderismo_la_torre_de_prado_ancho_000,La Torre de Prado Ancho,senderismo,2023,10,2023-10-01,0.38248479967676074,-0.08987664879169413,0.24299296725339042,0.3145844456099128,0.45085423862494217,0.09598987758605952,GEE:S2_SR_HARMONIZED
pn_tablas_daimiel_senderismo_la_isla_del_pan_001,La Isla del Pan,senderismo,2023,10,2023-10-01,0.38576160888541605,-0.00961233419161716,0.2169483490496629,0.26158695775376883,0.5731343106426824,0.22704136187101684,GEE:S2_SR_HARMONIZED
pn_tablas_daimiel_senderismo_la_laguna_de_aclimatacion_002,La Laguna de Aclimatación,senderismo,2023,10,2023-10-01,0.43349921612855996,-0.046063734220107795,0.2561631082684089,0.311314194259704,0.5216102589934377,0.13086415238952853,GEE:S2_SR_HARMONIZED
pn_tablas_daimiel_senderismo_la_laguna_permanente_003,La Laguna Permanente,senderismo,2023,10,2023-10-01,0.46211623755492287,-0.009950893971066289,0.2893326985094635,0.3541057335614796,0.5528485820843623,0.13872470161956932,GEE:S2_SR_HARMONIZED
pn_tablas_daimiel_senderismo_molino_de_molemocho_004,Molino de Molemocho,senderismo,2023,10,2023-10-01,0.3215939037184057,-0.15418249935094577,0.19160045195981087,0.2561111504381353,0.38721734331920743,0.11442325339274345,GEE:S2_SR_HARMONIZED
pn_tablas_daimiel_senderismo_la_torre_de_prado_ancho_000,La Torre de Prado Ancho,senderismo,2023,11,2023-11-01,0.4248864670852949,-0.11422122173409419,0.22964167534434823,0.32201673219071564,0.5211164328608627,0.1211593159780049,GEE:S2_SR_HARMONIZED
pn_tablas_daimiel_senderismo_la_isla_del_pan_001,La Isla del Pan,senderismo,2023,11,2023-11-01,0.4742180818011051,-0.027081409984133862,0.20986539028845877,0.4016941301043201,0.589540875567834,0.17638819258318536,GEE:S2_SR_HARMONIZED
pn_tablas_daimiel_senderismo_la_laguna_de_aclimatacion_002,La Laguna de Aclimatación,senderismo,2023,11,2023-11-01,0.5116110713655544,-0.018287393997714754,0.2681242404197831,0.47459151580887055,0.5809607326984405,0.11891095730756278,GEE:S2_SR_HARMONIZED
pn_tablas_daimiel_senderismo_la_laguna_permanente_003,La Laguna Permanente,senderismo,2023,11,2023-11-01,0.48172757347689565,-0.04131218341504191,0.24875792261861412,0.40025528959234735,0.5689957617216245,0.12454860426054669,GEE:S2_SR_HARMONIZED
pn_tablas_daimiel_senderismo_molino_de_molemocho_004,Molino de Molemocho,senderismo,2023,11,2023-11-01,0.4899560696712477,-0.02732672207105728,0.2808848420401454,0.4163166582584381,0.5966923599630469,0.15224866820082408,GEE:S2_SR_HARMONIZED
pn_tablas_daimiel_senderismo_la_torre_de_prado_ancho_000,La Torre de Prado Ancho,senderismo,2023,12,2023-12-01,0.42580870794719194,-0.09762316746045767,0.23234831719635896,0.30616607628237147,0.516840300446105,0.12953807708323284,GEE:S2_SR_HARMONIZED
pn_tablas_daimiel_senderismo_la_isla_del_pan_001,La Isla del Pan,senderismo,2023,12,2023-12-01,0.4506564561273384,-0.0320455032987812,0.2100745202598644,0.340286799885804,0.590104718014233,0.20014875448603547,GEE:S2_SR_HARMONIZED
pn_tablas_daimiel_senderismo_la_laguna_de_aclimatacion_002,La Laguna de Aclimatación,senderismo,2023,12,2023-12-01,0.5146042908842581,-0.012040204917542482,0.27439715719932006,0.4317455237562006,0.6160734388334997,0.12463773652691829,GEE:S2_SR_HARMONIZED
pn_tablas_daimiel_senderismo_la_laguna_permanente_003,La Laguna Permanente,senderismo,2023,12,2023-12-01,0.4470710258579347,-0.053570886712820384,0.23611795573812228,0.36126845325484425,0.5214083604087714,0.11727583294195686,GEE:S2_SR_HARMONIZED
pn_tablas_daimiel_senderismo_molino_de_molemocho_004,Molino de Molemocho,senderismo,2023,12,2023-12-01,0.5780063756140494,0.10026396454581432,0.36847053550246245,0.5204800400899087,0.6975971577964729,0.17100346985859155,GEE:S2_SR_HARMONIZED
pn_tablas_daimiel_senderismo_la_torre_de_prado_ancho_000,La Torre de Prado Ancho,senderismo,2024,1,2024-01-01,0.41179604754654214,-0.09990787781399971,0.2256641234439966,0.2949939572453129,0.5056541256232349,0.13421888263701542,GEE:S2_SR_HARMONIZED
pn_tablas_daimiel_senderismo_la_isla_del_pan_001,La Isla del Pan,senderismo,2024,1,2024-01-01,0.4392463928180907,-0.01561999312077662,0.21691881648764982,0.3000176798155461,0.612956261700395,0.22224969449695336,GEE:S2_SR_HARMONIZED
pn_tablas_daimiel_senderismo_la_laguna_de_aclimatacion_002,La Laguna de Aclimatación,senderismo,2024,1,2024-01-01,0.5020885179426541,-0.02691807557112079,0.2697695143943175,0.41233535655402603,0.6228033545947133,0.14035251661999523,GEE:S2_SR_HARMONIZED
pn_tablas_daimiel_senderismo_la_laguna_permanente_003,La Laguna Permanente,senderismo,2024,1,2024-01-01,0.44587903465213824,-0.052582368841460427,0.23183965802510662,0.36488601863384246,0.5217837881170427,0.1258970150858139,GEE:S2_SR_HARMONIZED
pn_tablas_daimiel_senderismo_molino_de_molemocho_004,Molino de Molemocho,senderismo,2024,1,2024-01-01,0.6163929013463505,0.157561849700777,0.40950008977687985,0.5713367999931954,0.7367990001763228,0.1741177363740071,GEE:S2_SR_HARMONIZED
pn_tablas_daimiel_senderismo_la_torre_de_prado_ancho_000,La Torre de Prado Ancho,senderismo,2024,2,2024-02-01,0.4170862393953577,-0.07721529772691942,0.25771473370934805,0.28700550164546335,0.5214487559798828,0.1475194528365529,GEE:S2_SR_HARMONIZED
pn_tablas_daimiel_senderismo_la_isla_del_pan_001,La Isla del Pan,senderismo,2024,2,2024-02-01,0.46495692086345547,0.03968225496317016,0.2606228769536112,0.30090337920928933,0.6524695322414642,0.21965801689862485,GEE:S2_SR_HARMONIZED
pn_tablas_daimiel_senderismo_la_laguna_de_aclimatacion_002,La Laguna de Aclimatación,senderismo,2024,2,2024-02-01,0.5155896104587769,0.006584413977864613,0.3089436353859156,0.4040112833207263,0.6388325925623433,0.14814033999120707,GEE:S2_SR_HARMONIZED
pn_tablas_daimiel_senderismo_la_laguna_permanente_003,La Laguna Permanente,senderismo,2024,2,2024-02-01,0.46611665267079344,-0.012526069512824537,0.2694657693319779,0.3657101580541428,0.560982638171741,0.14467950757365713,GEE:S2_SR_HARMONIZED
pn_tablas_daimiel_senderismo_molino_de_molemocho_004,Molino de Molemocho,senderismo,2024,2,2024-02-01,0.6515228557094669,0.23031336241923872,0.4791057197302168,0.6310731938907078,0.7715912309230192,0.17619238335755225,GEE:S2_SR_HARMONIZED
pn_tablas_daimiel_senderismo_la_torre_de_prado_ancho_000,La Torre de Prado Ancho,senderismo,2024,3,2024-03-01,0.42169520261541443,-0.010767421302020155,0.27295312336124966,0.29464605296783386,0.5329800700788857,0.14503142764754384,GEE:S2_SR_HARMONIZED
pn_tablas_daimiel_senderismo_la_isla_del_pan_001,La Isla del Pan,senderismo,2024,3,2024-03-01,0.46275071294310754,0.10077813733094816,0.2781230810629233,0.30887798769416736,0.6515265469142287,0.21024613976378848,GEE:S2_SR_HARMONIZED
pn_tablas_daimiel_senderismo_la_laguna_de_aclimatacion_002,La Laguna de Aclimatación,senderismo,2024,3,2024-03-01,0.5087108260632045,0.08866577753932231,0.3264716936853489,0.39653931151368,0.6342744827270508,0.1435088660378292,GEE:S2_SR_HARMONIZED
pn_tablas_daimiel_senderismo_la_laguna_permanente_003,La Laguna Permanente,senderismo,2024,3,2024-03-01,0.4706386377467062,0.05753071616722966,0.2922830248216884,0.3768438394425063,0.5769230568502832,0.15693771284089675,GEE:S2_SR_HARMONIZED
pn_tablas_daimiel_senderismo_molino_de_molemocho_004,Molino de Molemocho,senderismo,2024,3,2024-03-01,0.6076159270913892,0.26351217895967827,0.45556803877502605,0.600369413693746,0.700420155281219,0.1527756572074469,GEE:S2_SR_HARMONIZED
pn_tablas_daimiel_senderismo_la_torre_de_prado_ancho_000,La Torre de Prado Ancho,senderismo,2024,4,2024-04-01,0.46591041860880156,0.02404030699965808,0.3330583510756544,0.33043680803290026,0.595398443726717,0.16377402719572248,GEE:S2_SR_HARMONIZED
pn_tablas_daimiel_senderismo_la_isla_del_pan_001,La Isla del Pan,senderismo,2024,4,2024-04-01,0.546731442841191,0.182741789255455,0.35066048657446214,0.40203628601580893,0.7156688327310234,0.20241880721113817,GEE:S2_SR_HARMONIZED
pn_tablas_daimiel_senderismo_la_laguna_de_aclimatacion_002,La Laguna de Aclimatación,senderismo,2024,4,2024-04-01,0.5783448620103052,0.1531821088108471,0.4065848817381031,0.5183487981557846,0.6616377085447311,0.11850584448632447,GEE:S2_SR_HARMONIZED
pn_tablas_daimiel_senderismo_la_laguna_permanente_003,La Laguna Permanente,senderismo,2024,4,2024-04-01,0.5628345396834132,0.12847972576543065,0.39311849518182695,0.4400358001391093,0.6921774038254784,0.19295224549207948,GEE:S2_SR_HARMONIZED
pn_tablas_daimiel_senderismo_molino_de_molemocho_004,Molino de Molemocho,senderismo,2024,4,2024-04-01,0.5817162290959651,0.2529366440286059,0.4393488158630336,0.5566898584365845,0.6816165230544523,0.16321400679809586,GEE:S2_SR_HARMONIZED
pn_tablas_daimiel_senderismo_la_torre_de_prado_ancho_000,La Torre de Prado Ancho,senderismo,2024,5,2024-05-01,0.36585336272287505,-0.04585082701863238,0.27182686146992774,0.27914316930284133,0.43953328395451824,0.11005411030580514,GEE:S2_SR_HARMONIZED
pn_tablas_daimiel_senderismo_la_isla_del_pan_001,La Isla del Pan,senderismo,2024,5,2024-05-01,0.46082554937860737,0.14768957941701197,0.2855265972808772,0.3402167755350577,0.5745291572427573,0.15903461241164774,GEE:S2_SR_HARMONIZED
pn_tablas_daimiel_senderismo_la_laguna_de_aclimatacion_002,La Laguna de Aclimatación,senderismo,2024,5,2024-05-01,0.4721625679081085,0.07915975927539694,0.34270393568247776,0.38878938262949064,0.5634618180521418,0.11993457779710509,GEE:S2_SR_HARMONIZED
pn_tablas_daimiel_senderismo_la_laguna_permanente_003,La Laguna Permanente,senderismo,2024,5,2024-05-01,0.4844811387259764,0.10725367443217712,0.3594458871510419,0.40846962294316386,0.5523725804879237,0.14074074459961305,GEE:S2_SR_HARMONIZED
pn_tablas_daimiel_senderismo_molino_de_molemocho_004,Molino de Molemocho,senderismo,2024,5,2024-05-01,0.41100890717224353,0.03577783562919536,0.29931027224529266,0.345973909446891,0.48660069241153414,0.12481387691545608,GEE:S2_SR_HARMONIZED
pn_tablas_daimiel_senderismo_la_torre_de_prado_ancho_000,La Torre de Prado Ancho,senderismo,2024,6,2024-06-01,0.3282112091704583,-0.05369804737442844,0.2461247470637487,0.2791631556262834,0.36565616103501697,0.08358309167502116,GEE:S2_SR_HARMONIZED
pn_tablas_daimiel_senderismo_la_isla_del_pan_001,La Isla del Pan,senderismo,2024,6,2024-06-01,0.42016799811404504,0.11266890769154313,0.265074463101433,0.27181311774805855,0.5520199925348622,0.17133016653982827,GEE:S2_SR_HARMONIZED
pn_tablas_daimiel_senderismo_la_laguna_de_aclimatacion_002,La Laguna de Aclimatación,senderismo,2024,6,2024-06-01,0.41654751756087083,0.03801245633211578,0.30097004510572234,0.31383862344025293,0.5089104771614075,0.13650608977502554,GEE:S2_SR_HARMONIZED
pn_tablas_daimiel_senderismo_la_laguna_permanente_003,La Laguna Permanente,senderismo,2024,6,2024-06-01,0.45779385280451257,0.0860803124052108,0.33807567165591157,0.361391524775655,0.5261525362730026,0.13958866019675845,GEE:S2_SR_HARMONIZED
pn_tablas_daimiel_senderismo_molino_de_molemocho_004,Molino de Molemocho,senderismo,2024,6,2024-06-01,0.3242221867809937,-0.053243952011947156,0.22489470253564053,0.24451672437735802,0.40526495094216153,0.11904840540595596,GEE:S2_SR_HARMONIZED
pn_tablas_daimiel_senderismo_la_torre_de_prado_ancho_000,La Torre de Prado Ancho,senderismo,2024,7,2024-07-01,0.3740955919124147,-0.03924520464518368,0.2725456243752557,0.28304075153217734,0.45850291784299335,0.12466817022177552,GEE:S2_SR_HARMONIZED
pn_tablas_daimiel_senderismo_la_isla_del_pan_001,La Isla del Pan,senderismo,2024,7,2024-07-01,0.4109106319483397,0.10694647111154904,0.26831608774343346,0.23062786906237764,0.5823402463266496,0.20501349508289368,GEE:S2_SR_HARMONIZED
pn_tablas_daimiel_senderismo_la_laguna_de_aclimatacion_002,La Laguna de Aclimatación,senderismo,2024,7,2024-07-01,0.4115350264851332,0.02073649974102178,0.29307187270356,0.2746458053588867,0.5255352626551157,0.14845119774564125,GEE:S2_SR_HARMONIZED
pn_tablas_daimiel_senderismo_la_laguna_permanente_003,La Laguna Permanente,senderismo,2024,7,2024-07-01,0.4953000900724597,0.0929436300871434,0.37408492047020603,0.36481684279334237,0.6181820002095452,0.16370885544932046,GEE:S2_SR_HARMONIZED
pn_tablas_daimiel_senderismo_molino_de_molemocho_004,Molino de Molemocho,senderismo,2024,7,2024-07-01,0.3031942967496049,-0.09388414955541742,0.20616687348876872,0.2167391637198993,0.38595201899273407,0.11486493096445757,GEE:S2_SR_HARMONIZED
pn_tablas_daimiel_senderismo_la_torre_de_prado_ancho_000,La Torre de Prado Ancho,senderismo,2024,8,2024-08-01,0.3706627322620253,-0.028249784739367644,0.27347462100438125,0.26786884107224934,0.46689827224037733,0.1325651757759208,GEE:S2_SR_HARMONIZED
pn_tablas_daimiel_senderismo_la_isla_del_pan_001,La Isla del Pan,senderismo,2024,8,2024-08-01,0.3738602967257486,0.07656622959569406,0.24535895602764204,0.19882584130947298,0.552169738758135,0.21479457599783056,GEE:S2_SR_HARMONIZED
pn_tablas_daimiel_senderismo_la_laguna_de_aclimatacion_002,La Laguna de Aclimatación,senderismo,2024,8,2024-08-01,0.40570609353085507,0.02739733018163155,0.2897409346361089,0.2671895135848067,0.5213425659456524,0.14871133130169692,GEE:S2_SR_HARMONIZED
pn_tablas_daimiel_senderismo_la_laguna_permanente_003,La Laguna Permanente,senderismo,2024,8,2024-08-01,0.5040968497213824,0.10087566589191926,0.38376279815275893,0.3774758250501216,0.6389628698209273,0.1712168299167,GEE:S2_SR_HARMONIZED
pn_tablas_daimiel_senderismo_molino_de_molemocho_004,Molino de Molemocho,senderismo,2024,8,2024-08-01,0.30224927711810695,-0.0894082039434151,0.20660824133647895,0.21659073300937773,0.376996636390686,0.11289272899086811,GEE:S2_SR_HARMONIZED
pn_tablas_daimiel_senderismo_la_torre_de_prado_ancho_000,La Torre de Prado Ancho,senderismo,2024,9,2024-09-01,0.3869493462688232,-0.02326395606814174,0.26479378554142313,0.27596706527407905,0.4980346322059631,0.14095013486693742,GEE:S2_SR_HARMONIZED
pn_tablas_daimiel_senderismo_la_isla_del_pan_001,La Isla del Pan,senderismo,2024,9,2024-09-01,0.3378371796109085,0.019257344273367522,0.21754438894838038,0.18380215091300162,0.5742058121065435,0.29218135617599367,GEE:S2_SR_HARMONIZED
pn_tablas_daimiel_senderismo_la_laguna_de_aclimatacion_002,La Laguna de Aclimatación,senderismo,2024,9,2024-09-01,0.41626445517535543,0.018283306747418158,0.26943055970678004,0.26421625011509314,0.5485720757780406,0.1592808531396271,GEE:S2_SR_HARMONIZED
pn_tablas_daimiel_senderismo_la_laguna_permanente_003,La Laguna Permanente,senderismo,2024,9,2024-09-01,0.5225192008845788,0.10185609173454761,0.3641404805005546,0.389620073344883,0.6620029590504675,0.17970809009217256,GEE:S2_SR_HARMONIZED
pn_tablas_daimiel_senderismo_molino_de_molemocho_004,Molino de Molemocho,senderismo,2024,9,2024-09-01,0.3295502549183581,-0.08216452387859598,0.20310525199162408,0.22907438806302763,0.43278832733631134,0.136492474857218,GEE:S2_SR_HARMONIZED
pn_tablas_daimiel_senderismo_la_torre_de_prado_ancho_000,La Torre de Prado Ancho,senderismo,2024,10,2024-10-01,0.27003509303923906,-0.11930381452959787,0.17068078132733014,0.22740696026959234,0.2998862701787716,0.06262415991751931,GEE:S2_SR_HARMONIZED
pn_tablas_daimiel_senderismo_la_isla_del_pan_001,La Isla del Pan,senderismo,2024,10,2024-10-01,0.27476610597406415,-0.04929123219069698,0.16264810331955992,0.2166730984954517,0.40444408960115885,0.18901819089305577,GEE:S2_SR_HARMONIZED
pn_tablas_daimiel_senderismo_la_laguna_de_aclimatacion_002,La Laguna de Aclimatación,senderismo,2024,10,2024-10-01,0.33416970152256803,-0.06538798497133796,0.1962325571770977,0.2840748455910569,0.39623900042702614,0.08728413654969341,GEE:S2_SR_HARMONIZED
pn_tablas_daimiel_senderismo_la_laguna_permanente_003,La Laguna Permanente,senderismo,2024,10,2024-10-01,0.3565078271439342,-0.03242118836127012,0.2174173402833263,0.2867259156314353,0.41974534771659155,0.10752504583345773,GEE:S2_SR_HARMONIZED
pn_tablas_daimiel_senderismo_molino_de_molemocho_004,Molino de Molemocho,senderismo,2024,10,2024-10-01,0.3319408552516098,-0.09033347486949551,0.18820788915893824,0.2592947049231469,0.3920334434654654,0.12331251062660212,GEE:S2_SR_HARMONIZED
pn_tablas_daimiel_senderismo_la_torre_de_prado_ancho_000,La Torre de Prado Ancho,senderismo,2024,11,2024-11-01,0.36599508849331364,-0.12476382489024483,0.2116854375052641,0.29868946790032513,0.41623282035701303,0.08301979882316084,GEE:S2_SR_HARMONIZED
pn_tablas_daimiel_senderismo_la_isla_del_pan_001,La Isla del Pan,senderismo,2024,11,2024-11-01,0.37173229634659455,-0.04709961099805115,0.1808219399822449,0.2614275798176684,0.5350380995013198,0.23907776367539918,GEE:S2_SR_HARMONIZED
pn_tablas_daimiel_senderismo_la_laguna_de_aclimatacion_002,La Laguna de Aclimatación,senderismo,2024,11,2024-11-01,0.4528317626835329,-0.04774275265045331,0.23487957342975,0.4081885814666748,0.5097136969904489,0.08858190326716243,GEE:S2_SR_HARMONIZED
pn_tablas_daimiel_senderismo_la_laguna_permanente_003,La Laguna Permanente,senderismo,2024,11,2024-11-01,0.4381968343940167,-0.055459157750097535,0.2123596799633222,0.36148871173118724,0.5016788547295471,0.11481556946021594,GEE:S2_SR_HARMONIZED
pn_tablas_daimiel_senderismo_molino_de_molemocho_004,Molino de Molemocho,senderismo,2024,11,2024-11-01,0.4943612819562319,-0.0027589020102969956,0.24039101298537446,0.4617991229466029,0.5802030746217999,0.1304311440455487,GEE:S2_SR_HARMONIZED
pn_tablas_daimiel_senderismo_la_torre_de_prado_ancho_000,La Torre de Prado Ancho,senderismo,2024,12,2024-12-01,0.359224015040672,-0.13305336528936776,0.2328253405429718,0.27549723400563364,0.4278807275525515,0.10064927683146709,GEE:S2_SR_HARMONIZED
pn_tablas_daimiel_senderismo_la_isla_del_pan_001,La Isla del Pan,senderismo,2024,12,2024-12-01,0.3476629321865285,-0.08684126952385354,0.19531989098371602,0.22311607961997826,0.5512009240329587,0.2781106206818009,GEE:S2_SR_HARMONIZED
pn_tablas_daimiel_senderismo_la_laguna_de_aclimatacion_002,La Laguna de Aclimatación,senderismo,2024,12,2024-12-01,0.4749006283400556,-0.07558039616067906,0.25256124578910044,0.4274858877888573,0.5367604196071625,0.10628386754259672,GEE:S2_SR_HARMONIZED
pn_tablas_daimiel_senderismo_la_laguna_permanente_003,La Laguna Permanente,senderismo,2024,12,2024-12-01,0.40648617559429645,-0.10201254015368236,0.21808081764143103,0.3303903620900655,0.483401684628076,0.11606997648311713,GEE:S2_SR_HARMONIZED
pn_tablas_daimiel_senderismo_molino_de_molemocho_004,Molino de Molemocho,senderismo,2024,12,2024-12-01,0.5302879228268856,0.030147131630959664,0.3211161246768847,0.4975993432603278,0.6193037901648072,0.14855839830827847,GEE:S2_SR_HARMONIZED
pn_tablas_daimiel_senderismo_la_torre_de_prado_ancho_000,La Torre de Prado Ancho,senderismo,2025,1,2025-01-01,0.07516055265052976,-0.0032111276956687945,0.15241746586326801,0.06495167237835128,0.08439476033432496,0.015329962528426899,GEE:S2_SR_HARMONIZED
pn_tablas_daimiel_senderismo_la_isla_del_pan_001,La Isla del Pan,senderismo,2025,1,2025-01-01,0.12243635004018659,-0.0035779543739900394,0.14368579784961444,0.059284816159212834,0.15146918021088096,0.07812072038912883,GEE:S2_SR_HARMONIZED
pn_tablas_daimiel_senderismo_la_laguna_de_aclimatacion_002,La Laguna de Aclimatación,senderismo,2025,1,2025-01-01,0.08858192162734008,0.025100519061564394,0.15066136620913745,0.07883241177660974,0.0964427179775769,0.015358153943053048,GEE:S2_SR_HARMONIZED
pn_tablas_daimiel_senderismo_la_laguna_permanente_003,La Laguna Permanente,senderismo,2025,1,2025-01-01,0.09402901773514036,-0.023118967051683856,0.15005036576699754,0.08055732026696205,0.1078335833740225,0.02023074537546375,GEE:S2_SR_HARMONIZED
pn_tablas_daimiel_senderismo_molino_de_molemocho_004,Molino de Molemocho,senderismo,2025,1,2025-01-01,0.1277984518200641,-0.013828873079771787,0.19516833482222012,0.11870897908247156,0.13884431253308835,0.016580025753769323,GEE:S2_SR_HARMONIZED
pn_tablas_daimiel_senderismo_la_torre_de_prado_ancho_000,La Torre de Prado Ancho,senderismo,2025,2,2025-02-01,0.35122251766407253,-0.17354487638367572,0.18664152074327753,0.27158101013234165,0.4153147305502096,0.10367885778957335,GEE:S2_SR_HARMONIZED
pn_tablas_daimiel_senderismo_la_isla_del_pan_001,La Isla del Pan,senderismo,2025,2,2025-02-01,0.31566066337400994,-0.0887779642423257,0.1662884826250657,0.20635706935152434,0.49602322394093307,0.2544767408052657,GEE:S2_SR_HARMONIZED
pn_tablas_daimiel_senderismo_la_laguna_de_aclimatacion_002,La Laguna de Aclimatación,senderismo,2025,2,2025-02-01,0.4297175416876717,-0.09821792154512614,0.2163325769538798,0.34950423666409086,0.5135817170143128,0.11766109621007519,GEE:S2_SR_HARMONIZED
pn_tablas_daimiel_senderismo_la_laguna_permanente_003,La Laguna Permanente,senderismo,2025,2,2025-02-01,0.38945032970425825,-0.11090190449346493,0.18947302363486243,0.30633802549526906,0.4702242403421185,0.12612368562602488,GEE:S2_SR_HARMONIZED
pn_tablas_daimiel_senderismo_molino_de_molemocho_004,Molino de Molemocho,senderismo,2025,2,2025-02-01,0.5485019623858015,0.030962494800556274,0.3067485674081398,0.5210109889420785,0.6506648379522871,0.1588218460240924,GEE:S2_SR_HARMONIZED
pn_tablas_daimiel_senderismo_la_torre_de_prado_ancho_000,La Torre de Prado Ancho,senderismo,2025,3,2025-03-01,0.43641503718495933,-0.0639151752893597,0.27600018046819275,0.3220628651196431,0.5411026172439859,0.14761713199497378,GEE:S2_SR_HARMONIZED
pn_tablas_daimiel_senderismo_la_isla_del_pan_001,La Isla del Pan,senderismo,2025,3,2025-03-01,0.42470660679885297,-0.0184344511789951,0.24552088906684644,0.2541660084368094,0.6442130195210479,0.27390185688689794,GEE:S2_SR_HARMONIZED
pn_tablas_daimiel_senderismo_la_laguna_de_aclimatacion_002,La Laguna de Aclimatación,senderismo,2025,3,2025-03-01,0.542555575995132,0.008266699983113178,0.3234809315990005,0.4426121365310799,0.6500229170750677,0.13913372961080375,GEE:S2_SR_HARMONIZED
pn_tablas_daimiel_senderismo_la_laguna_permanente_003,La Laguna Permanente,senderismo,2025,3,2025-03-01,0.5064833228903661,-0.01328726893925122,0.28666764518928606,0.3880247394563686,0.6227402190483298,0.15546090706551238,GEE:S2_SR_HARMONIZED
pn_tablas_daimiel_senderismo_molino_de_molemocho_004,Molino de Molemocho,senderismo,2025,3,2025-03-01,0.6422664268690919,0.15732720703560507,0.4314201282556448,0.6461708322698316,0.7477069440305281,0.18226948848378158,GEE:S2_SR_HARMONIZED
pn_tablas_daimiel_senderismo_la_torre_de_prado_ancho_000,La Torre de Prado Ancho,senderismo,2025,4,2025-04-01,0.46829328144219445,-0.025521025041786702,0.30205628484766756,0.34092383744581695,0.5953546934559489,0.16259207207927606,GEE:S2_SR_HARMONIZED
pn_tablas_daimiel_senderismo_la_isla_del_pan_001,La Isla del Pan,senderismo,2025,4,2025-04-01,0.4783176357538363,0.04084165747513096,0.2911260168502353,0.2854358630584108,0.7145298095786787,0.27193974836062257,GEE:S2_SR_HARMONIZED
pn_tablas_daimiel_senderismo_la_laguna_de_aclimatacion_002,La Laguna de Aclimatación,senderismo,2025,4,2025-04-01,0.5954829280153373,0.0918258302855773,0.3756606265067991,0.5108592678710682,0.6970643315780982,0.13658589387336698,GEE:S2_SR_HARMONIZED
pn_tablas_daimiel_senderismo_la_laguna_permanente_003,La Laguna Permanente,senderismo,2025,4,2025-04-01,0.5469041043075255,0.08548331428851755,0.3575259359418971,0.4027092829346657,0.6974899419924108,0.18737355977518041,GEE:S2_SR_HARMONIZED
pn_tablas_daimiel_senderismo_molino_de_molemocho_004,Molino de Molemocho,senderismo,2025,4,2025-04-01,0.6325781417971867,0.21025943075481643,0.43681295049179575,0.6218950439210686,0.7292733440442144,0.17498196212658587,GEE:S2_SR_HARMONIZED
pn_tablas_daimiel_senderismo_la_torre_de_prado_ancho_000,La Torre de Prado Ancho,senderismo,2025,5,2025-05-01,0.46579088881648045,0.023164069767472432,0.3155154893617774,0.37671953770125216,0.5527722223048422,0.12332315276446254,GEE:S2_SR_HARMONIZED
pn_tablas_daimiel_senderismo_la_isla_del_pan_001,La Isla del Pan,senderismo,2025,5,2025-05-01,0.39800651911412216,0.023836136030889635,0.24761903743158942,0.2624716178767533,0.5675384086014965,0.2374999962392879,GEE:S2_SR_HARMONIZED
pn_tablas_daimiel_senderismo_la_laguna_de_aclimatacion_002,La Laguna de Aclimatación,senderismo,2025,5,2025-05-01,0.4976019588406532,0.08762531392092764,0.3528443339083777,0.38863964553365854,0.6078394121615807,0.13339805205521305,GEE:S2_SR_HARMONIZED
pn_tablas_daimiel_senderismo_la_laguna_permanente_003,La Laguna Permanente,senderismo,2025,5,2025-05-01,0.5411520814657731,0.10101868507297193,0.36481160746796687,0.46468197765697256,0.6369274333308835,0.1615696897200837,GEE:S2_SR_HARMONIZED
pn_tablas_daimiel_senderismo_molino_de_molemocho_004,Molino de Molemocho,senderismo,2025,5,2025-05-01,0.4132035340059385,-0.002367682959611416,0.26392175558954467,0.32186693396241345,0.5144186019897461,0.146284776389184,GEE:S2_SR_HARMONIZED
pn_tablas_daimiel_senderismo_la_torre_de_prado_ancho_000,La Torre de Prado Ancho,senderismo,2025,6,2025-06-01,0.49224900914951464,0.07061509119733492,0.36734002228198204,0.40049203983898274,0.5882664356200304,0.1501381670324928,GEE:S2_SR_HARMONIZED
pn_tablas_daimiel_senderismo_la_isla_del_pan_001,La Isla del Pan,senderismo,2025,6,2025-06-01,0.39333342346574846,0.05461373651966712,0.2521809717144614,0.2165414029304069,0.552173140920817,0.19360222924572817,GEE:S2_SR_HARMONIZED
pn_tablas_daimiel_senderismo_la_laguna_de_aclimatacion_002,La Laguna de Aclimatación,senderismo,2025,6,2025-06-01,0.469336172694515,0.07995773527061892,0.34693282968802686,0.3138265745206313,0.6155302259657118,0.1638909768070666,GEE:S2_SR_HARMONIZED
pn_tablas_daimiel_senderismo_la_laguna_permanente_003,La Laguna Permanente,senderismo,2025,6,2025-06-01,0.5193855506850805,0.11429142161319399,0.37184961256602256,0.4038593907173865,0.6455014259983395,0.1650864431214424,GEE:S2_SR_HARMONIZED
pn_tablas_daimiel_senderismo_molino_de_molemocho_004,Molino de Molemocho,senderismo,2025,6,2025-06-01,0.3213055682233724,-0.06531708011626401,0.21112757681489935,0.23162233681441885,0.4003156580717491,0.11717571126314848,GEE:S2_SR_HARMONIZED
pn_tablas_daimiel_senderismo_la_torre_de_prado_ancho_000,La Torre de Prado Ancho,senderismo,2025,7,2025-07-01,0.49219471890778277,0.10200792207866918,0.3983650190201676,0.3416203564807556,0.6345599124228561,0.1833435506683628,GEE:S2_SR_HARMONIZED
pn_tablas_daimiel_senderismo_la_isla_del_pan_001,La Isla del Pan,senderismo,2025,7,2025-07-01,0.3564534765253777,0.06660673784234902,0.2541723288113478,0.18988368584567022,0.5526527571503282,0.2383288558007051,GEE:S2_SR_HARMONIZED
pn_tablas_daimiel_senderismo_la_laguna_de_aclimatacion_002,La Laguna de Aclimatación,senderismo,2025,7,2025-07-01,0.45067651935510616,0.07802293514610102,0.3448703172611094,0.2755603134632111,0.5993473280884462,0.17469116562953899,GEE:S2_SR_HARMONIZED
pn_tablas_daimiel_senderismo_la_laguna_permanente_003,La Laguna Permanente,senderismo,2025,7,2025-07-01,0.5114156300508077,0.13207172800001274,0.38918308764383897,0.3773700241575536,0.6660324037075043,0.18784649643628984,GEE:S2_SR_HARMONIZED
pn_tablas_daimiel_senderismo_molino_de_molemocho_004,Molino de Molemocho,senderismo,2025,7,2025-07-01,0.3071649865029268,-0.06002629870064203,0.21211016849159112,0.2166959635829332,0.3886810834369352,0.11864237038880786,GEE:S2_SR_HARMONIZED
pn_tablas_daimiel_senderismo_la_torre_de_prado_ancho_000,La Torre de Prado Ancho,senderismo,2025,8,2025-08-01,0.4665341545934315,0.0913795024724452,0.376095331858176,0.3301988200465245,0.6078042618267884,0.17558407207262905,GEE:S2_SR_HARMONIZED
pn_tablas_daimiel_senderismo_la_isla_del_pan_001,La Isla del Pan,senderismo,2025,8,2025-08-01,0.3492828376036531,0.05167020482888425,0.24085199739783794,0.18540530172647518,0.537465089441647,0.22145296393811992,GEE:S2_SR_HARMONIZED
pn_tablas_daimiel_senderismo_la_laguna_de_aclimatacion_002,La Laguna de Aclimatación,senderismo,2025,8,2025-08-01,0.4239388260954461,0.061759151766812626,0.3128581927834452,0.2638016424560354,0.5440695476463274,0.15842919131305352,GEE:S2_SR_HARMONIZED
pn_tablas_daimiel_senderismo_la_laguna_permanente_003,La Laguna Permanente,senderismo,2025,8,2025-08-01,0.4898515120828657,0.11695076982597029,0.3658821658361032,0.3615456675429768,0.6419834531083398,0.18484526047438324,GEE:S2_SR_HARMONIZED
pn_tablas_daimiel_senderismo_molino_de_molemocho_004,Molino de Molemocho,senderismo,2025,8,2025-08-01,0.3017390736737907,-0.057761138974554614,0.20758621445791686,0.21326247613764843,0.3892338027887433,0.1166212263918297,GEE:S2_SR_HARMONIZED
pn_tablas_daimiel_senderismo_la_torre_de_prado_ancho_000,La Torre de Prado Ancho,senderismo,2025,9,2025-09-01,0.4601219629208086,0.08490504714337455,0.3515859834158259,0.3140897041884697,0.6067227347742153,0.17974565225739467,GEE:S2_SR_HARMONIZED
pn_tablas_daimiel_senderismo_la_isla_del_pan_001,La Isla del Pan,senderismo,2025,9,2025-09-01,0.32272090707137013,0.040793671132746054,0.2279857099127301,0.18317453035020922,0.5749665315636789,0.31598297868800507,GEE:S2_SR_HARMONIZED
pn_tablas_daimiel_senderismo_la_laguna_de_aclimatacion_002,La Laguna de Aclimatación,senderismo,2025,9,2025-09-01,0.4262168668162184,0.0512293535473864,0.29055374521475885,0.2558436349983691,0.5526202759671449,0.16778740242446114,GEE:S2_SR_HARMONIZED
pn_tablas_daimiel_senderismo_la_laguna_permanente_003,La Laguna Permanente,senderismo,2025,9,2025-09-01,0.50388597152005,0.12353173579293468,0.36090425775087787,0.35547824896457564,0.6692393982131213,0.19896733105602316,GEE:S2_SR_HARMONIZED
pn_tablas_daimiel_senderismo_molino_de_molemocho_004,Molino de Molemocho,senderismo,2025,9,2025-09-01,0.31611603720021964,-0.04099444454887074,0.21217755142713315,0.21662863564600493,0.40897218948796227,0.1334380752202689,GEE:S2_SR_HARMONIZED
pn_tablas_daimiel_senderismo_la_torre_de_prado_ancho_000,La Torre de Prado Ancho,senderismo,2025,10,2025-10-01,0.37654270919523775,0.003475094174844557,0.2630343501390718,0.29062288933734004,0.4547200309398878,0.11579804690050141,GEE:S2_SR_HARMONIZED
pn_tablas_daimiel_senderismo_la_isla_del_pan_001,La Isla del Pan,senderismo,2025,10,2025-10-01,0.2989316237761706,0.006343529454226855,0.189638108410977,0.18323844054679045,0.4957312554034279,0.2502385666621163,GEE:S2_SR_HARMONIZED
pn_tablas_daimiel_senderismo_la_laguna_de_aclimatacion_002,La Laguna de Aclimatación,senderismo,2025,10,2025-10-01,0.37285391325134265,-2.893713229432605E-4,0.23493652623046202,0.2500637074311574,0.4587034063796474,0.12835773353314744,GEE:S2_SR_HARMONIZED
pn_tablas_daimiel_senderismo_la_laguna_permanente_003,La Laguna Permanente,senderismo,2025,10,2025-10-01,0.4569840183144295,0.07715967392650856,0.30493153945839674,0.33783791232887445,0.5373028312884455,0.15694067780623694,GEE:S2_SR_HARMONIZED
pn_tablas_daimiel_senderismo_molino_de_molemocho_004,Molino de Molemocho,senderismo,2025,10,2025-10-01,0.32021815158991196,-0.042967997236801767,0.20871945124618463,0.2243588939193846,0.4128330647945404,0.13001120580519124,GEE:S2_SR_HARMONIZED
pn_tablas_daimiel_senderismo_la_torre_de_prado_ancho_000,La Torre de Prado Ancho,senderismo,2025,11,2025-11-01,0.3076624168237532,-0.1784423826070215,0.14943792974994302,0.26359296313247776,0.33445076040639465,0.07833046061294907,GEE:S2_SR_HARMONIZED
pn_tablas_daimiel_senderismo_la_isla_del_pan_001,La Isla del Pan,senderismo,2025,11,2025-11-01,0.25382671557171427,-0.13211008799099563,0.1327595729028661,0.23847629058186484,0.4417841129115062,0.32578279142052036,GEE:S2_SR_HARMONIZED
pn_tablas_daimiel_senderismo_la_laguna_de_aclimatacion_002,La Laguna de Aclimatación,senderismo,2025,11,2025-11-01,0.3705087714547156,-0.13034020436582172,0.1637321101593488,0.2989776853323786,0.43533037988860546,0.09898962182292943,GEE:S2_SR_HARMONIZED
pn_tablas_daimiel_senderismo_la_laguna_permanente_003,La Laguna Permanente,senderismo,2025,11,2025-11-01,0.4047544030795984,-0.06050757048083248,0.20014543305103438,0.3327898102628828,0.480415214509402,0.16793967907774443,GEE:S2_SR_HARMONIZED
pn_tablas_daimiel_senderismo_molino_de_molemocho_004,Molino de Molemocho,senderismo,2025,11,2025-11-01,0.39207362881017344,-0.08747160469022695,0.19017986897729078,0.3026754021644592,0.48216988663842136,0.14430642545911854,GEE:S2_SR_HARMONIZED
pn_tablas_daimiel_senderismo_la_torre_de_prado_ancho_000,La Torre de Prado Ancho,senderismo,2025,12,2025-12-01,0.2536718244367296,-0.1645957471076604,0.12651067352641632,0.20560390985929053,0.2909491255353382,0.06489068266574415,GEE:S2_SR_HARMONIZED
pn_tablas_daimiel_senderismo_la_isla_del_pan_001,La Isla del Pan,senderismo,2025,12,2025-12-01,0.13969392179910797,-0.08539866439765127,0.10542930554493675,0.056339893355994076,0.21638925404214027,0.10001356067079309,GEE:S2_SR_HARMONIZED
pn_tablas_daimiel_senderismo_la_laguna_de_aclimatacion_002,La Laguna de Aclimatación,senderismo,2025,12,2025-12-01,0.19053713129433877,-0.09705786538517305,0.11788012964667126,0.12157675387655817,0.24498137831687927,0.08185234490138493,GEE:S2_SR_HARMONIZED
pn_tablas_daimiel_senderismo_la_laguna_permanente_003,La Laguna Permanente,senderismo,2025,12,2025-12-01,0.2660759230322223,-0.08694484814900418,0.13780823400347691,0.2165686925504413,0.33424646504019634,0.1005794960243421,GEE:S2_SR_HARMONIZED
pn_tablas_daimiel_senderismo_molino_de_molemocho_004,Molino de Molemocho,senderismo,2025,12,2025-12-01,0.2672084224316152,-0.07371430490446375,0.1456555758255821,0.1778182012822804,0.3415286208914463,0.10057619005754696,GEE:S2_SR_HARMONIZED
pn_tablas_daimiel_senderismo_la_torre_de_prado_ancho_000,La Torre de Prado Ancho,senderismo,2026,1,2026-01-01,0.23052392765453314,-0.15171216659958525,0.12619619220645126,0.20039097672090606,0.25091727387437573,0.046774330626573234,GEE:S2_SR_HARMONIZED
pn_tablas_daimiel_senderismo_la_isla_del_pan_001,La Isla del Pan,senderismo,2026,1,2026-01-01,0.25356523190817065,-0.048018511300648395,0.12445704980370592,0.1504826330764628,0.3775566534480716,0.13050061549611994,GEE:S2_SR_HARMONIZED
pn_tablas_daimiel_senderismo_la_laguna_de_aclimatacion_002,La Laguna de Aclimatación,senderismo,2026,1,2026-01-01,0.17461650201988504,-0.013934100404884771,0.11970360001016557,0.16041301687558493,0.18821289407574207,0.021124360569875045,GEE:S2_SR_HARMONIZED
pn_tablas_daimiel_senderismo_la_laguna_permanente_003,La Laguna Permanente,senderismo,2026,1,2026-01-01,0.18540287282464685,-0.009663407255299647,0.1117708145222263,0.16762518477722094,0.20953000265148447,0.035769004899846406,GEE:S2_SR_HARMONIZED
pn_tablas_daimiel_senderismo_molino_de_molemocho_004,Molino de Molemocho,senderismo,2026,1,2026-01-01,0.4060636074019728,-0.06109353828870689,0.17943196804200448,0.3503326889687935,0.4786934307991822,0.11669207667431891,GEE:S2_SR_HARMONIZED
pn_tablas_daimiel_senderismo_la_torre_de_prado_ancho_000,La Torre de Prado Ancho,senderismo,2026,2,2026-02-01,0.35263631544705815,-0.16372708671875064,0.18849521176987752,0.2551451470276151,0.4359107034440846,0.10947548682873981,GEE:S2_SR_HARMONIZED
pn_tablas_daimiel_senderismo_la_isla_del_pan_001,La Isla del Pan,senderismo,2026,2,2026-02-01,0.3127110546121576,-0.12916019112845747,0.17374726831740378,0.1845124772119522,0.5185480547619277,0.2785526559697902,GEE:S2_SR_HARMONIZED
pn_tablas_daimiel_senderismo_la_laguna_de_aclimatacion_002,La Laguna de Aclimatación,senderismo,2026,2,2026-02-01,0.42154828851663373,-0.12154841537404494,0.21855758161459818,0.3772321875755476,0.48250189544739536,0.10298446654643414,GEE:S2_SR_HARMONIZED
pn_tablas_daimiel_senderismo_la_laguna_permanente_003,La Laguna Permanente,senderismo,2026,2,2026-02-01,0.3548355791833682,-0.1489736294133192,0.18317451757991018,0.28543781158239123,0.4657456306655597,0.18749514285951802,GEE:S2_SR_HARMONIZED
pn_tablas_daimiel_senderismo_molino_de_molemocho_004,Molino de Molemocho,senderismo,2026,2,2026-02-01,0.42841247862812004,-0.06124514955263811,0.2686892294476693,0.33451844586447455,0.5170696239088107,0.1491146159380995,GEE:S2_SR_HARMONIZED
pn_tablas_daimiel_senderismo_la_torre_de_prado_ancho_000,La Torre de Prado Ancho,senderismo,2026,3,2026-03-01,0.4017661762228763,-0.10642097956574985,0.22624948043536708,0.2846662137301602,0.5124236283643265,0.15684568838326737,GEE:S2_SR_HARMONIZED
pn_tablas_daimiel_senderismo_la_isla_del_pan_001,La Isla del Pan,senderismo,2026,3,2026-03-01,0.3813677778310548,-0.09695331255151138,0.20505857002230563,0.21483987906624843,0.59721738756103,0.2729666223567394,GEE:S2_SR_HARMONIZED
pn_tablas_daimiel_senderismo_la_laguna_de_aclimatacion_002,La Laguna de Aclimatación,senderismo,2026,3,2026-03-01,0.4826973347669508,-0.06689223329802807,0.2704101418419752,0.4320997572917737,0.5594658056894938,0.1276825870145002,GEE:S2_SR_HARMONIZED
pn_tablas_daimiel_senderismo_la_laguna_permanente_003,La Laguna Permanente,senderismo,2026,3,2026-03-01,0.424048854246387,-0.09505723539568466,0.2236530234857514,0.3126480281352996,0.5519507101625354,0.17418116750773013,GEE:S2_SR_HARMONIZED
pn_tablas_daimiel_senderismo_molino_de_molemocho_004,Molino de Molemocho,senderismo,2026,3,2026-03-01,0.4883161038461725,0.005796275524409181,0.32975977401398654,0.38827744246092816,0.6032342747266417,0.16635372602541662,GEE:S2_SR_HARMONIZED
pn_tablas_daimiel_senderismo_la_torre_de_prado_ancho_000,La Torre de Prado Ancho,senderismo,2026,4,2026-04-01,0.48906692324653317,0.021001221610769456,0.29249759385294344,0.4040918852499072,0.5838825433379597,0.12877143745409864,GEE:S2_SR_HARMONIZED
pn_tablas_daimiel_senderismo_la_isla_del_pan_001,La Isla del Pan,senderismo,2026,4,2026-04-01,0.4626356468158261,0.01566284452799306,0.26498146200958184,0.31606205586388175,0.6442713515040581,0.21897262228953782,GEE:S2_SR_HARMONIZED
pn_tablas_daimiel_senderismo_la_laguna_de_aclimatacion_002,La Laguna de Aclimatación,senderismo,2026,4,2026-04-01,0.5168845095306158,0.048217769279185474,0.33483266709309106,0.47132856647173565,0.5998057507156231,0.12796158376713854,GEE:S2_SR_HARMONIZED
pn_tablas_daimiel_senderismo_la_laguna_permanente_003,La Laguna Permanente,senderismo,2026,4,2026-04-01,0.5440448044795078,0.05489736903305787,0.3348710934433467,0.4410586818968582,0.644048073382519,0.18820252560245562,GEE:S2_SR_HARMONIZED
pn_tablas_daimiel_senderismo_molino_de_molemocho_004,Molino de Molemocho,senderismo,2026,4,2026-04-01,0.4726685811521045,0.04940036493096245,0.3353281551404442,0.3935042704746223,0.5629247875424652,0.1469127783544422,GEE:S2_SR_HARMONIZED
pn_tablas_daimiel_senderismo_la_torre_de_prado_ancho_000,La Torre de Prado Ancho,senderismo,2026,5,2026-05-01,0.5826195300114962,0.15135942655119342,0.42401845254847437,0.4979698924458983,0.6774777078979052,0.14211153354888675,GEE:S2_SR_HARMONIZED
pn_tablas_daimiel_senderismo_la_isla_del_pan_001,La Isla del Pan,senderismo,2026,5,2026-05-01,0.4623430634968264,0.07136678608279352,0.2815218348407667,0.2947814001159354,0.6504043764085584,0.21666010124772253,GEE:S2_SR_HARMONIZED
pn_tablas_daimiel_senderismo_la_laguna_de_aclimatacion_002,La Laguna de Aclimatación,senderismo,2026,5,2026-05-01,0.528202776232878,0.11033885559992444,0.36916002006860066,0.4039742823304801,0.6532987666687942,0.15555538148501952,GEE:S2_SR_HARMONIZED
pn_tablas_daimiel_senderismo_la_laguna_permanente_003,La Laguna Permanente,senderismo,2026,5,2026-05-01,0.5994086558020666,0.16287954231342044,0.42174192394406307,0.5133603677667421,0.7163657051716354,0.1780090305598787,GEE:S2_SR_HARMONIZED
pn_tablas_daimiel_senderismo_molino_de_molemocho_004,Molino de Molemocho,senderismo,2026,5,2026-05-01,0.38703649039031,-0.020141262333255302,0.2668426135437556,0.2906140374325623,0.48187860872260446,0.13562969858366336,GEE:S2_SR_HARMONIZED
pn_tablas_daimiel_senderismo_la_torre_de_prado_ancho_000,La Torre de Prado Ancho,senderismo,2026,6,2026-06-01,0.5690690444737728,0.15657908301943457,0.4636747027649349,0.45892567932605743,0.7011403442981343,0.176614972288208,GEE:S2_SR_HARMONIZED
pn_tablas_daimiel_senderismo_la_isla_del_pan_001,La Isla del Pan,senderismo,2026,6,2026-06-01,0.4144111430729828,0.05261519036211302,0.2724637460758292,0.22898041417806586,0.6112765285634781,0.2182429079045999,GEE:S2_SR_HARMONIZED
pn_tablas_daimiel_senderismo_la_laguna_de_aclimatacion_002,La Laguna de Aclimatación,senderismo,2026,6,2026-06-01,0.4889037728690405,0.09621371009628014,0.36624199535854923,0.3268056160535294,0.6432615265549583,0.17550114866335526,GEE:S2_SR_HARMONIZED
pn_tablas_daimiel_senderismo_la_laguna_permanente_003,La Laguna Permanente,senderismo,2026,6,2026-06-01,0.5579742110610688,0.14499603102049624,0.4172371004626932,0.43518939579570837,0.7122713923454285,0.19098903738389209,GEE:S2_SR_HARMONIZED
pn_tablas_daimiel_senderismo_molino_de_molemocho_004,Molino de Molemocho,senderismo,2026,6,2026-06-01,0.29714354177272123,-0.08486352140223229,0.21287113935288177,0.21238073582450548,0.3610769421599879,0.11413215686903914,GEE:S2_SR_HARMONIZED
