camera_id,camera_name,latitude,longitude,image_url,source_document
camara06303,,40.466064,-3.688942,https://informo.madrid.es/cameras/Camara06303.jpg?v=76738,https://informo.madrid.es/informo/tmadrid/CCTV.kml
camara06304,,40.465776,-3.689632,https://informo.madrid.es/cameras/Camara06304.jpg?v=76738,https://informo.madrid.es/informo/tmadrid/CCTV.kml
camara05325,,40.458951,-3.685597,https://informo.madrid.es/cameras/Camara05325.jpg?v=76738,https://informo.madrid.es/informo/tmadrid/CCTV.kml
camara06306,,40.452028,-3.690489,https://informo.madrid.es/cameras/Camara06306.jpg?v=76738,https://informo.madrid.es/informo/tmadrid/CCTV.kml
camara06308,,40.446991,-3.704070,https://informo.madrid.es/cameras/Camara06308.jpg?v=76738,https://informo.madrid.es/informo/tmadrid/CCTV.kml
camara09303,,40.434892,-3.719147,https://informo.madrid.es/cameras/Camara09303.jpg?v=76738,https://informo.madrid.es/informo/tmadrid/CCTV.kml
camara07306,,40.439200,-3.717647,https://informo.madrid.es/cameras/Camara07306.jpg?v=76738,https://informo.madrid.es/informo/tmadrid/CCTV.kml
camara09307,,40.420273,-3.719926,https://informo.madrid.es/cameras/Camara09307.jpg?v=76738,https://informo.madrid.es/informo/tmadrid/CCTV.kml
camara09301,,40.423212,-3.710807,https://informo.madrid.es/cameras/Camara09301.jpg?v=76738,https://informo.madrid.es/informo/tmadrid/CCTV.kml
camara01314,,40.420138,-3.705496,https://informo.madrid.es/cameras/Camara01314.jpg?v=76738,https://informo.madrid.es/informo/tmadrid/CCTV.kml
camara06301,,40.481989,-3.685295,https://informo.madrid.es/cameras/Camara06301.jpg?v=76738,https://informo.madrid.es/informo/tmadrid/CCTV.kml
camara07302,,40.437987,-3.690418,https://informo.madrid.es/cameras/Camara07302.jpg?v=76738,https://informo.madrid.es/informo/tmadrid/CCTV.kml
camara05308,,40.445468,-3.685794,https://informo.madrid.es/cameras/Camara05308.jpg?v=76738,https://informo.madrid.es/informo/tmadrid/CCTV.kml
camara05304,,40.458596,-3.676670,https://informo.madrid.es/cameras/Camara05304.jpg?v=76738,https://informo.madrid.es/informo/tmadrid/CCTV.kml
camara05306,,40.451546,-3.677463,https://informo.madrid.es/cameras/Camara05306.jpg?v=76738,https://informo.madrid.es/informo/tmadrid/CCTV.kml
camara04312,,40.437328,-3.677362,https://informo.madrid.es/cameras/Camara04312.jpg?v=76738,https://informo.madrid.es/informo/tmadrid/CCTV.kml
camara01320,,40.428889,-3.702243,https://informo.madrid.es/cameras/Camara01320.jpg?v=76738,https://informo.madrid.es/informo/tmadrid/CCTV.kml
camara15322,,40.426917,-3.660097,https://informo.madrid.es/cameras/Camara15322.jpg?v=76738,https://informo.madrid.es/informo/tmadrid/CCTV.kml
camara04307,,40.424898,-3.675876,https://informo.madrid.es/cameras/Camara04307.jpg?v=76738,https://informo.madrid.es/informo/tmadrid/CCTV.kml
camara04306,,40.428014,-3.668914,https://informo.madrid.es/cameras/Camara04306.jpg?v=76738,https://informo.madrid.es/informo/tmadrid/CCTV.kml
camara03303,,40.406655,-3.670237,https://informo.madrid.es/cameras/Camara03303.jpg?v=76738,https://informo.madrid.es/informo/tmadrid/CCTV.kml
camara02304,,40.391136,-3.694965,https://informo.madrid.es/cameras/Camara02304.jpg?v=76738,https://informo.madrid.es/informo/tmadrid/CCTV.kml
camara01306,,40.405029,-3.702568,https://informo.madrid.es/cameras/Camara01306.jpg?v=76738,https://informo.madrid.es/informo/tmadrid/CCTV.kml
camara01305,,40.407658,-3.693109,https://informo.madrid.es/cameras/Camara01305.jpg?v=76738,https://informo.madrid.es/informo/tmadrid/CCTV.kml
camara01304,,40.409189,-3.692159,https://informo.madrid.es/cameras/Camara01304.jpg?v=76738,https://informo.madrid.es/informo/tmadrid/CCTV.kml
camara01302,,40.418975,-3.693114,https://informo.madrid.es/cameras/Camara01302.jpg?v=76738,https://informo.madrid.es/informo/tmadrid/CCTV.kml
camara01317,,40.418890,-3.696665,https://informo.madrid.es/cameras/Camara01317.jpg?v=76738,https://informo.madrid.es/informo/tmadrid/CCTV.kml
camara01318,,40.416659,-3.700281,https://informo.madrid.es/cameras/Camara01318.jpg?v=76738,https://informo.madrid.es/informo/tmadrid/CCTV.kml
camara07308,,40.433610,-3.704414,https://informo.madrid.es/cameras/Camara07308.jpg?v=76738,https://informo.madrid.es/informo/tmadrid/CCTV.kml
camara01321,,40.427589,-3.695543,https://informo.madrid.es/cameras/Camara01321.jpg?v=76738,https://informo.madrid.es/informo/tmadrid/CCTV.kml
camara07313,,40.433066,-3.688497,https://informo.madrid.es/cameras/Camara07313.jpg?v=76738,https://informo.madrid.es/informo/tmadrid/CCTV.kml
camara07314,,40.441651,-3.694711,https://informo.madrid.es/cameras/Camara07314.jpg?v=76738,https://informo.madrid.es/informo/tmadrid/CCTV.kml
camara07312,,40.438652,-3.704311,https://informo.madrid.es/cameras/Camara07312.jpg?v=76738,https://informo.madrid.es/informo/tmadrid/CCTV.kml
camara07307,,40.442198,-3.703995,https://informo.madrid.es/cameras/Camara07307.jpg?v=76738,https://informo.madrid.es/informo/tmadrid/CCTV.kml
camara04308,,40.420887,-3.684416,https://informo.madrid.es/cameras/Camara04308.jpg?v=76738,https://informo.madrid.es/informo/tmadrid/CCTV.kml
camara01303,,40.415188,-3.693836,https://informo.madrid.es/cameras/Camara01303.jpg?v=76738,https://informo.madrid.es/informo/tmadrid/CCTV.kml
camara10302,,40.414177,-3.724127,https://informo.madrid.es/cameras/Camara10302.jpg?v=76738,https://informo.madrid.es/informo/tmadrid/CCTV.kml
camara11307,,40.397814,-3.715906,https://informo.madrid.es/cameras/Camara11307.jpg?v=76738,https://informo.madrid.es/informo/tmadrid/CCTV.kml
camara04302,,40.420510,-3.664173,https://informo.madrid.es/cameras/Camara04302.jpg?v=76738,https://informo.madrid.es/informo/tmadrid/CCTV.kml
camara04303,,40.420494,-3.664181,https://informo.madrid.es/cameras/Camara04303.jpg?v=76738,https://informo.madrid.es/informo/tmadrid/CCTV.kml
camara03306,,40.405768,-3.666531,https://informo.madrid.es/cameras/Camara03306.jpg?v=76738,https://informo.madrid.es/informo/tmadrid/CCTV.kml
camara03307,,40.405723,-3.666562,https://informo.madrid.es/cameras/Camara03307.jpg?v=76738,https://informo.madrid.es/informo/tmadrid/CCTV.kml
camara20308,,40.444579,-3.582891,https://informo.madrid.es/cameras/Camara20308.jpg?v=76738,https://informo.madrid.es/informo/tmadrid/CCTV.kml
camara01308,,40.419003,-3.712892,https://informo.madrid.es/cameras/Camara01308.jpg?v=76738,https://informo.madrid.es/informo/tmadrid/CCTV.kml
camara01309,,40.419013,-3.713224,https://informo.madrid.es/cameras/Camara01309.jpg?v=76738,https://informo.madrid.es/informo/tmadrid/CCTV.kml
camara01310,,40.416929,-3.713168,https://informo.madrid.es/cameras/Camara01310.jpg?v=76738,https://informo.madrid.es/informo/tmadrid/CCTV.kml
camara01311,,40.416938,-3.713397,https://informo.madrid.es/cameras/Camara01311.jpg?v=76738,https://informo.madrid.es/informo/tmadrid/CCTV.kml
camara08317,,40.476517,-3.720529,https://informo.madrid.es/cameras/Camara08317.jpg?v=76738,https://informo.madrid.es/informo/tmadrid/CCTV.kml
camara02308,,40.392426,-3.676727,https://informo.madrid.es/cameras/Camara02308.jpg?v=76738,https://informo.madrid.es/informo/tmadrid/CCTV.kml
camara09309,,40.426489,-3.734053,https://informo.madrid.es/cameras/Camara09309.jpg?v=76738,https://informo.madrid.es/informo/tmadrid/CCTV.kml
camara09310,,40.434649,-3.738908,https://informo.madrid.es/cameras/Camara09310.jpg?v=76738,https://informo.madrid.es/informo/tmadrid/CCTV.kml
camara10309,,40.362076,-3.753884,https://informo.madrid.es/cameras/Camara10309.jpg?v=76738,https://informo.madrid.es/informo/tmadrid/CCTV.kml
camara15302,,40.483869,-3.664217,https://informo.madrid.es/cameras/Camara15302.jpg?v=76738,https://informo.madrid.es/informo/tmadrid/CCTV.kml
camara15301,,40.483300,-3.663732,https://informo.madrid.es/cameras/Camara15301.jpg?v=76738,https://informo.madrid.es/informo/tmadrid/CCTV.kml
camara08309,,40.485774,-3.716744,https://informo.madrid.es/cameras/Camara08309.jpg?v=76738,https://informo.madrid.es/informo/tmadrid/CCTV.kml
camara17301,,40.351616,-3.692891,https://informo.madrid.es/cameras/Camara17301.jpg?v=76738,https://informo.madrid.es/informo/tmadrid/CCTV.kml
camara08313,,40.504773,-3.664879,https://informo.madrid.es/cameras/Camara08313.jpg?v=76738,https://informo.madrid.es/informo/tmadrid/CCTV.kml
camara16316,,40.494631,-3.649642,https://informo.madrid.es/cameras/Camara16316.jpg?v=76738,https://informo.madrid.es/informo/tmadrid/CCTV.kml
camara10307,,40.373056,-3.765567,https://informo.madrid.es/cameras/Camara10307.jpg?v=76738,https://informo.madrid.es/informo/tmadrid/CCTV.kml
camara13305,,40.403652,-3.665963,https://informo.madrid.es/cameras/Camara13305.jpg?v=76738,https://informo.madrid.es/informo/tmadrid/CCTV.kml
camara14303,,40.410705,-3.655159,https://informo.madrid.es/cameras/Camara14303.jpg?v=76738,https://informo.madrid.es/informo/tmadrid/CCTV.kml
camara18303,,40.368572,-3.609679,https://informo.madrid.es/cameras/Camara18303.jpg?v=76738,https://informo.madrid.es/informo/tmadrid/CCTV.kml
camara08316,,40.478911,-3.691119,https://informo.madrid.es/cameras/Camara08316.jpg?v=76738,https://informo.madrid.es/informo/tmadrid/CCTV.kml
camara08315,,40.474864,-3.689165,https://informo.madrid.es/cameras/Camara08315.jpg?v=76738,https://informo.madrid.es/informo/tmadrid/CCTV.kml
camara15321,,40.445148,-3.646417,https://informo.madrid.es/cameras/Camara15321.jpg?v=76738,https://informo.madrid.es/informo/tmadrid/CCTV.kml
camara01307,,40.410233,-3.714032,https://informo.madrid.es/cameras/Camara01307.jpg?v=76738,https://informo.madrid.es/informo/tmadrid/CCTV.kml
camara03313,,40.406758,-3.683647,https://informo.madrid.es/cameras/Camara03313.jpg?v=76738,https://informo.madrid.es/informo/tmadrid/CCTV.kml
camara11302,,40.385086,-3.717609,https://informo.madrid.es/cameras/Camara11302.jpg?v=76738,https://informo.madrid.es/informo/tmadrid/CCTV.kml
camara13301,,40.398450,-3.669665,https://informo.madrid.es/cameras/Camara13301.jpg?v=76738,https://informo.madrid.es/informo/tmadrid/CCTV.kml
camara07311,,40.430271,-3.711728,https://informo.madrid.es/cameras/Camara07311.jpg?v=76738,https://informo.madrid.es/informo/tmadrid/CCTV.kml
camara13304,,40.394392,-3.640135,https://informo.madrid.es/cameras/Camara13304.jpg?v=76738,https://informo.madrid.es/informo/tmadrid/CCTV.kml
camara18301,,40.383390,-3.625322,https://informo.madrid.es/cameras/Camara18301.jpg?v=76738,https://informo.madrid.es/informo/tmadrid/CCTV.kml
camara04304,,40.424523,-3.668711,https://informo.madrid.es/cameras/Camara04304.jpg?v=76738,https://informo.madrid.es/informo/tmadrid/CCTV.kml
camara02310,,40.400623,-3.714477,https://informo.madrid.es/cameras/Camara02310.jpg?v=76738,https://informo.madrid.es/informo/tmadrid/CCTV.kml
camara11310,,40.404121,-3.720596,https://informo.madrid.es/cameras/Camara11310.jpg?v=76738,https://informo.madrid.es/informo/tmadrid/CCTV.kml
camara01312,,40.413966,-3.720855,https://informo.madrid.es/cameras/Camara01312.jpg?v=76738,https://informo.madrid.es/informo/tmadrid/CCTV.kml
camara04309,,40.437940,-3.686227,https://informo.madrid.es/cameras/Camara04309.jpg?v=76738,https://informo.madrid.es/informo/tmadrid/CCTV.kml
camara15304,,40.449405,-3.651138,https://informo.madrid.es/cameras/Camara15304.jpg?v=76738,https://informo.madrid.es/informo/tmadrid/CCTV.kml
camara04311,,40.437754,-3.682954,https://informo.madrid.es/cameras/Camara04311.jpg?v=76738,https://informo.madrid.es/informo/tmadrid/CCTV.kml
camara07303,,40.430644,-3.689110,https://informo.madrid.es/cameras/Camara07303.jpg?v=76738,https://informo.madrid.es/informo/tmadrid/CCTV.kml
camara02305,,40.400928,-3.699232,https://informo.madrid.es/cameras/Camara02305.jpg?v=76738,https://informo.madrid.es/informo/tmadrid/CCTV.kml
camara09304,,40.437267,-3.721678,https://informo.madrid.es/cameras/Camara09304.jpg?v=76738,https://informo.madrid.es/informo/tmadrid/CCTV.kml
camara09305,,40.437266,-3.721720,https://informo.madrid.es/cameras/Camara09305.jpg?v=76738,https://informo.madrid.es/informo/tmadrid/CCTV.kml
camara10319,,40.414355,-3.729394,https://informo.madrid.es/cameras/Camara10319.jpg?v=76738,https://informo.madrid.es/informo/tmadrid/CCTV.kml
camara11309,,40.388408,-3.731787,https://informo.madrid.es/cameras/Camara11309.jpg?v=76738,https://informo.madrid.es/informo/tmadrid/CCTV.kml
camara05303,,40.458923,-3.667737,https://informo.madrid.es/cameras/Camara05303.jpg?v=76738,https://informo.madrid.es/informo/tmadrid/CCTV.kml
camara13302,,40.391638,-3.653807,https://informo.madrid.es/cameras/Camara13302.jpg?v=76738,https://informo.madrid.es/informo/tmadrid/CCTV.kml
camara08310,,40.482513,-3.717483,https://informo.madrid.es/cameras/Camara08310.jpg?v=76738,https://informo.madrid.es/informo/tmadrid/CCTV.kml
camara08311,,40.479401,-3.704193,https://informo.madrid.es/cameras/Camara08311.jpg?v=76738,https://informo.madrid.es/informo/tmadrid/CCTV.kml
camara08303,,40.480245,-3.713029,https://informo.madrid.es/cameras/Camara08303.jpg?v=76738,https://informo.madrid.es/informo/tmadrid/CCTV.kml
camara07315,,40.443861,-3.710415,https://informo.madrid.es/cameras/Camara07315.jpg?v=76738,https://informo.madrid.es/informo/tmadrid/CCTV.kml
camara06310,,40.457421,-3.701668,https://informo.madrid.es/cameras/Camara06310.jpg?v=76738,https://informo.madrid.es/informo/tmadrid/CCTV.kml
camara08312,,40.473840,-3.702207,https://informo.madrid.es/cameras/Camara08312.jpg?v=76738,https://informo.madrid.es/informo/tmadrid/CCTV.kml
camara15303,,40.455759,-3.656418,https://informo.madrid.es/cameras/Camara15303.jpg?v=76738,https://informo.madrid.es/informo/tmadrid/CCTV.kml
camara05307,,40.452248,-3.667559,https://informo.madrid.es/cameras/Camara05307.jpg?v=76738,https://informo.madrid.es/informo/tmadrid/CCTV.kml
camara09306,,40.428754,-3.721994,https://informo.madrid.es/cameras/Camara09306.jpg?v=76738,https://informo.madrid.es/informo/tmadrid/CCTV.kml
camara03302,,40.407690,-3.678681,https://informo.madrid.es/cameras/Camara03302.jpg?v=76738,https://informo.madrid.es/informo/tmadrid/CCTV.kml
camara12302,,40.375569,-3.695078,https://informo.madrid.es/cameras/Camara12302.jpg?v=76738,https://informo.madrid.es/informo/tmadrid/CCTV.kml
camara08318,,40.473071,-3.736048,https://informo.madrid.es/cameras/Camara08318.jpg?v=76738,https://informo.madrid.es/informo/tmadrid/CCTV.kml
camara16306,,40.494933,-3.666191,https://informo.madrid.es/cameras/Camara16306.jpg?v=76738,https://informo.madrid.es/informo/tmadrid/CCTV.kml
camara08308,,40.490001,-3.698732,https://informo.madrid.es/cameras/Camara08308.jpg?v=76738,https://informo.madrid.es/informo/tmadrid/CCTV.kml
camara16301,,40.458589,-3.617004,https://informo.madrid.es/cameras/Camara16301.jpg?v=76738,https://informo.madrid.es/informo/tmadrid/CCTV.kml
camara20306,,40.441952,-3.623563,https://informo.madrid.es/cameras/Camara20306.jpg?v=76738,https://informo.madrid.es/informo/tmadrid/CCTV.kml
camara20307,,40.447630,-3.626276,https://informo.madrid.es/cameras/Camara20307.jpg?v=76738,https://informo.madrid.es/informo/tmadrid/CCTV.kml
camara16305,,40.466910,-3.654210,https://informo.madrid.es/cameras/Camara16305.jpg?v=76738,https://informo.madrid.es/informo/tmadrid/CCTV.kml
camara16304,,40.468408,-3.646599,https://informo.madrid.es/cameras/Camara16304.jpg?v=76738,https://informo.madrid.es/informo/tmadrid/CCTV.kml
camara16327,,40.476524,-3.638369,https://informo.madrid.es/cameras/Camara16327.jpg?v=76738,https://informo.madrid.es/informo/tmadrid/CCTV.kml
camara08307,,40.448835,-3.741529,https://informo.madrid.es/cameras/Camara08307.jpg?v=76738,https://informo.madrid.es/informo/tmadrid/CCTV.kml
camara08306,,40.468966,-3.750424,https://informo.madrid.es/cameras/Camara08306.jpg?v=76738,https://informo.madrid.es/informo/tmadrid/CCTV.kml
camara08305,,40.474515,-3.748179,https://informo.madrid.es/cameras/Camara08305.jpg?v=76738,https://informo.madrid.es/informo/tmadrid/CCTV.kml
camara06302,,40.473987,-3.687364,https://informo.madrid.es/cameras/Camara06302.jpg?v=76738,https://informo.madrid.es/informo/tmadrid/CCTV.kml
camara04313,,40.429520,-3.679797,https://informo.madrid.es/cameras/Camara04313.jpg?v=76738,https://informo.madrid.es/informo/tmadrid/CCTV.kml
camara06307,,40.446473,-3.691234,https://informo.madrid.es/cameras/Camara06307.jpg?v=76738,https://informo.madrid.es/informo/tmadrid/CCTV.kml
camara02303,,40.394461,-3.694745,https://informo.madrid.es/cameras/Camara02303.jpg?v=76738,https://informo.madrid.es/informo/tmadrid/CCTV.kml
camara02306,,40.395624,-3.680235,https://informo.madrid.es/cameras/Camara02306.jpg?v=76738,https://informo.madrid.es/informo/tmadrid/CCTV.kml
camara14302,,40.414374,-3.627562,https://informo.madrid.es/cameras/Camara14302.jpg?v=76738,https://informo.madrid.es/informo/tmadrid/CCTV.kml
camara14301,,40.407638,-3.631269,https://informo.madrid.es/cameras/Camara14301.jpg?v=76738,https://informo.madrid.es/informo/tmadrid/CCTV.kml
camara16302,,40.454459,-3.622637,https://informo.madrid.es/cameras/Camara16302.jpg?v=76738,https://informo.madrid.es/informo/tmadrid/CCTV.kml
camara13303,,40.389142,-3.643885,https://informo.madrid.es/cameras/Camara13303.jpg?v=76738,https://informo.madrid.es/informo/tmadrid/CCTV.kml
camara10306,,40.385704,-3.761650,https://informo.madrid.es/cameras/Camara10306.jpg?v=76738,https://informo.madrid.es/informo/tmadrid/CCTV.kml
camara03304,,40.411577,-3.669797,https://informo.madrid.es/cameras/Camara03304.jpg?v=76738,https://informo.madrid.es/informo/tmadrid/CCTV.kml
camara05305,,40.448778,-3.677675,https://informo.madrid.es/cameras/Camara05305.jpg?v=76738,https://informo.madrid.es/informo/tmadrid/CCTV.kml
camara08301,,40.485905,-3.694026,https://informo.madrid.es/cameras/Camara08301.jpg?v=76738,https://informo.madrid.es/informo/tmadrid/CCTV.kml
camara09311,,40.422944,-3.728145,https://informo.madrid.es/cameras/Camara09311.jpg?v=76738,https://informo.madrid.es/informo/tmadrid/CCTV.kml
camara08314,,40.471108,-3.711806,https://informo.madrid.es/cameras/Camara08314.jpg?v=76738,https://informo.madrid.es/informo/tmadrid/CCTV.kml
camara20302,,40.418228,-3.623791,https://informo.madrid.es/cameras/Camara20302.jpg?v=76738,https://informo.madrid.es/informo/tmadrid/CCTV.kml
camara07304,,40.434936,-3.688736,https://informo.madrid.es/cameras/Camara07304.jpg?v=76738,https://informo.madrid.es/informo/tmadrid/CCTV.kml
camara04314,,40.425225,-3.683951,https://informo.madrid.es/cameras/Camara04314.jpg?v=76738,https://informo.madrid.es/informo/tmadrid/CCTV.kml
camara04315,,40.425060,-3.684212,https://informo.madrid.es/cameras/Camara04315.jpg?v=76738,https://informo.madrid.es/informo/tmadrid/CCTV.kml
camara15307,,40.431769,-3.660270,https://informo.madrid.es/cameras/Camara15307.jpg?v=76738,https://informo.madrid.es/informo/tmadrid/CCTV.kml
camara06311,,40.460560,-3.698625,https://informo.madrid.es/cameras/Camara06311.jpg?v=76738,https://informo.madrid.es/informo/tmadrid/CCTV.kml
camara20303,,40.421171,-3.611072,https://informo.madrid.es/cameras/Camara20303.jpg?v=76738,https://informo.madrid.es/informo/tmadrid/CCTV.kml
camara20304,,40.435488,-3.606559,https://informo.madrid.es/cameras/Camara20304.jpg?v=76738,https://informo.madrid.es/informo/tmadrid/CCTV.kml
camara20305,,40.434563,-3.612066,https://informo.madrid.es/cameras/Camara20305.jpg?v=76738,https://informo.madrid.es/informo/tmadrid/CCTV.kml
camara20301,,40.424503,-3.628318,https://informo.madrid.es/cameras/Camara20301.jpg?v=76738,https://informo.madrid.es/informo/tmadrid/CCTV.kml
camara02301,,40.397432,-3.694238,https://informo.madrid.es/cameras/Camara02301.jpg?v=76738,https://informo.madrid.es/informo/tmadrid/CCTV.kml
camara02302,,40.404874,-3.690556,https://informo.madrid.es/cameras/Camara02302.jpg?v=76738,https://informo.madrid.es/informo/tmadrid/CCTV.kml
camara12301,,40.387845,-3.699177,https://informo.madrid.es/cameras/Camara12301.jpg?v=76738,https://informo.madrid.es/informo/tmadrid/CCTV.kml
camara11303,,40.393147,-3.706110,https://informo.madrid.es/cameras/Camara11303.jpg?v=76738,https://informo.madrid.es/informo/tmadrid/CCTV.kml
camara12309,,40.385360,-3.695964,https://informo.madrid.es/cameras/Camara12309.jpg?v=76738,https://informo.madrid.es/informo/tmadrid/CCTV.kml
camara12304,,40.369657,-3.720073,https://informo.madrid.es/cameras/Camara12304.jpg?v=76738,https://informo.madrid.es/informo/tmadrid/CCTV.kml
camara12307,,40.373902,-3.719506,https://informo.madrid.es/cameras/Camara12307.jpg?v=76738,https://informo.madrid.es/informo/tmadrid/CCTV.kml
camara12306,,40.373422,-3.712322,https://informo.madrid.es/cameras/Camara12306.jpg?v=76738,https://informo.madrid.es/informo/tmadrid/CCTV.kml
camara12305,,40.370821,-3.694365,https://informo.madrid.es/cameras/Camara12305.jpg?v=76738,https://informo.madrid.es/informo/tmadrid/CCTV.kml
camara12303,,40.390644,-3.710091,https://informo.madrid.es/cameras/Camara12303.jpg?v=76738,https://informo.madrid.es/informo/tmadrid/CCTV.kml
camara12308,,40.364215,-3.693968,https://informo.madrid.es/cameras/Camara12308.jpg?v=76738,https://informo.madrid.es/informo/tmadrid/CCTV.kml
camara01316,,40.417955,-3.699356,https://informo.madrid.es/cameras/Camara01316.jpg?v=76738,https://informo.madrid.es/informo/tmadrid/CCTV.kml
camara01315,,40.419741,-3.699759,https://informo.madrid.es/cameras/Camara01315.jpg?v=76738,https://informo.madrid.es/informo/tmadrid/CCTV.kml
camara21301,,40.469161,-3.581430,https://informo.madrid.es/cameras/Camara21301.jpg?v=76738,https://informo.madrid.es/informo/tmadrid/CCTV.kml
camara05309,,40.467180,-3.674344,https://informo.madrid.es/cameras/Camara05309.jpg?v=76738,https://informo.madrid.es/informo/tmadrid/CCTV.kml
camara10308,,40.376501,-3.749901,https://informo.madrid.es/cameras/Camara10308.jpg?v=76738,https://informo.madrid.es/informo/tmadrid/CCTV.kml
camara05301,,40.471034,-3.672134,https://informo.madrid.es/cameras/Camara05301.jpg?v=76738,https://informo.madrid.es/informo/tmadrid/CCTV.kml
camara05302,,40.460244,-3.664902,https://informo.madrid.es/cameras/Camara05302.jpg?v=76738,https://informo.madrid.es/informo/tmadrid/CCTV.kml
camara03305,,40.406205,-3.665663,https://informo.madrid.es/cameras/Camara03305.jpg?v=76738,https://informo.madrid.es/informo/tmadrid/CCTV.kml
camara04301,,40.418544,-3.658247,https://informo.madrid.es/cameras/Camara04301.jpg?v=76738,https://informo.madrid.es/informo/tmadrid/CCTV.kml
camara15306,,40.444671,-3.659521,https://informo.madrid.es/cameras/Camara15306.jpg?v=76738,https://informo.madrid.es/informo/tmadrid/CCTV.kml
camara08302,,40.481949,-3.704516,https://informo.madrid.es/cameras/Camara08302.jpg?v=76738,https://informo.madrid.es/informo/tmadrid/CCTV.kml
camara08304,,40.472831,-3.727591,https://informo.madrid.es/cameras/Camara08304.jpg?v=76738,https://informo.madrid.es/informo/tmadrid/CCTV.kml
camara11301,,40.373800,-3.733848,https://informo.madrid.es/cameras/Camara11301.jpg?v=76738,https://informo.madrid.es/informo/tmadrid/CCTV.kml
camara18304,,40.386780,-3.614919,https://informo.madrid.es/cameras/Camara18304.jpg?v=76738,https://informo.madrid.es/informo/tmadrid/CCTV.kml
camara16307,,40.484250,-3.673835,https://informo.madrid.es/cameras/Camara16307.jpg?v=76738,https://informo.madrid.es/informo/tmadrid/CCTV.kml
camara01323,,40.412905,-3.693404,https://informo.madrid.es/cameras/Camara01323.jpg?v=76738,https://informo.madrid.es/informo/tmadrid/CCTV.kml
camara01322,,40.422185,-3.691570,https://informo.madrid.es/cameras/Camara01322.jpg?v=76738,https://informo.madrid.es/informo/tmadrid/CCTV.kml
camara04316,,40.431804,-3.671610,https://informo.madrid.es/cameras/Camara04316.jpg?v=76738,https://informo.madrid.es/informo/tmadrid/CCTV.kml
camara20309,,40.449220,-3.608582,https://informo.madrid.es/cameras/Camara20309.jpg?v=76738,https://informo.madrid.es/informo/tmadrid/CCTV.kml
camara01331,,40.408825,-3.691995,https://informo.madrid.es/cameras/Camara01331.jpg?v=76738,https://informo.madrid.es/informo/tmadrid/CCTV.kml
camara01332,,40.407506,-3.693410,https://informo.madrid.es/cameras/Camara01332.jpg?v=76738,https://informo.madrid.es/informo/tmadrid/CCTV.kml
camara01319,,40.407028,-3.711843,https://informo.madrid.es/cameras/Camara01319.jpg?v=76738,https://informo.madrid.es/informo/tmadrid/CCTV.kml
camara01330,,40.407282,-3.711412,https://informo.madrid.es/cameras/Camara01330.jpg?v=76738,https://informo.madrid.es/informo/tmadrid/CCTV.kml
camara14304,,40.400882,-3.636065,https://informo.madrid.es/cameras/Camara14304.jpg?v=76738,https://informo.madrid.es/informo/tmadrid/CCTV.kml
camara07309,,40.439050,-3.712892,https://informo.madrid.es/cameras/Camara07309.jpg?v=76738,https://informo.madrid.es/informo/tmadrid/CCTV.kml
camara10304,,40.405351,-3.724676,https://informo.madrid.es/cameras/Camara10304.jpg?v=76738,https://informo.madrid.es/informo/tmadrid/CCTV.kml
camara09312,,40.452525,-3.779443,https://informo.madrid.es/cameras/Camara09312.jpg?v=76738,https://informo.madrid.es/informo/tmadrid/CCTV.kml
camara13306,,40.367777,-3.663713,https://informo.madrid.es/cameras/Camara13306.jpg?v=76738,https://informo.madrid.es/informo/tmadrid/CCTV.kml
camara01324,,40.418962,-3.693114,https://informo.madrid.es/cameras/Camara01324.jpg?v=76738,https://informo.madrid.es/informo/tmadrid/CCTV.kml
camara11305,,40.392903,-3.740942,https://informo.madrid.es/cameras/Camara11305.jpg?v=76738,https://informo.madrid.es/informo/tmadrid/CCTV.kml
camara02307,,40.397757,-3.702284,https://informo.madrid.es/cameras/Camara02307.jpg?v=76738,https://informo.madrid.es/informo/tmadrid/CCTV.kml
camara18305,,40.370600,-3.613785,https://informo.madrid.es/cameras/Camara18305.jpg?v=76738,https://informo.madrid.es/informo/tmadrid/CCTV.kml
camara20311,,40.422206,-3.613199,https://informo.madrid.es/cameras/Camara20311.jpg?v=76738,https://informo.madrid.es/informo/tmadrid/CCTV.kml
camara20310,,40.416909,-3.623339,https://informo.madrid.es/cameras/Camara20310.jpg?v=76738,https://informo.madrid.es/informo/tmadrid/CCTV.kml
camara05311,,40.445346,-3.661528,https://informo.madrid.es/cameras/Camara05311.jpg?v=76738,https://informo.madrid.es/informo/tmadrid/CCTV.kml
camara05312,,40.482626,-3.682541,https://informo.madrid.es/cameras/Camara05312.jpg?v=76738,https://informo.madrid.es/informo/tmadrid/CCTV.kml
camara18306,,40.359900,-3.591594,https://informo.madrid.es/cameras/Camara18306.jpg?v=76738,https://informo.madrid.es/informo/tmadrid/CCTV.kml
camara05310,,40.476099,-3.674682,https://informo.madrid.es/cameras/Camara05310.jpg?v=76738,https://informo.madrid.es/informo/tmadrid/CCTV.kml
camara21302,,40.460541,-3.593065,https://informo.madrid.es/cameras/Camara21302.jpg?v=76738,https://informo.madrid.es/informo/tmadrid/CCTV.kml
camara17302,,40.341463,-3.692801,https://informo.madrid.es/cameras/Camara17302.jpg?v=76738,https://informo.madrid.es/informo/tmadrid/CCTV.kml
camara20313,,40.424020,-3.603964,https://informo.madrid.es/cameras/Camara20313.jpg?v=76738,https://informo.madrid.es/informo/tmadrid/CCTV.kml
camara11306,,40.396731,-3.774205,https://informo.madrid.es/cameras/Camara11306.jpg?v=76738,https://informo.madrid.es/informo/tmadrid/CCTV.kml
camara15308,,40.423233,-3.639414,https://informo.madrid.es/cameras/Camara15308.jpg?v=76738,https://informo.madrid.es/informo/tmadrid/CCTV.kml
camara08319,,40.491033,-3.686165,https://informo.madrid.es/cameras/Camara08319.jpg?v=76738,https://informo.madrid.es/informo/tmadrid/CCTV.kml
camara02311,,40.380652,-3.686274,https://informo.madrid.es/cameras/Camara02311.jpg?v=76738,https://informo.madrid.es/informo/tmadrid/CCTV.kml
camara16309,,40.486947,-3.658981,https://informo.madrid.es/cameras/Camara16309.jpg?v=76738,https://informo.madrid.es/informo/tmadrid/CCTV.kml
camara18302,,40.368142,-3.601681,https://informo.madrid.es/cameras/Camara18302.jpg?v=76738,https://informo.madrid.es/informo/tmadrid/CCTV.kml
camara04317,,40.439047,-3.673417,https://informo.madrid.es/cameras/Camara04317.jpg?v=76738,https://informo.madrid.es/informo/tmadrid/CCTV.kml
camara08320,,40.491824,-3.723972,https://informo.madrid.es/cameras/Camara08320.jpg?v=76738,https://informo.madrid.es/informo/tmadrid/CCTV.kml
camara09313,,40.439996,-3.726519,https://informo.madrid.es/cameras/Camara09313.jpg?v=76738,https://informo.madrid.es/informo/tmadrid/CCTV.kml
camara08321,,40.502592,-3.697562,https://informo.madrid.es/cameras/Camara08321.jpg?v=76738,https://informo.madrid.es/informo/tmadrid/CCTV.kml
camara15310,,40.433178,-3.648111,https://informo.madrid.es/cameras/Camara15310.jpg?v=76738,https://informo.madrid.es/informo/tmadrid/CCTV.kml
camara16310,,40.462668,-3.635376,https://informo.madrid.es/cameras/Camara16310.jpg?v=76738,https://informo.madrid.es/informo/tmadrid/CCTV.kml
camara15309,,40.422537,-3.656248,https://informo.madrid.es/cameras/Camara15309.jpg?v=76738,https://informo.madrid.es/informo/tmadrid/CCTV.kml
camara01333,,40.429598,-3.705818,https://informo.madrid.es/cameras/Camara01333.jpg?v=76738,https://informo.madrid.es/informo/tmadrid/CCTV.kml
camara15311,,40.434613,-3.655916,https://informo.madrid.es/cameras/Camara15311.jpg?v=76738,https://informo.madrid.es/informo/tmadrid/CCTV.kml
camara09314,,40.434120,-3.734764,https://informo.madrid.es/cameras/Camara09314.jpg?v=76738,https://informo.madrid.es/informo/tmadrid/CCTV.kml
camara05313,,40.472305,-3.675766,https://informo.madrid.es/cameras/Camara05313.jpg?v=76738,https://informo.madrid.es/informo/tmadrid/CCTV.kml
camara11311,,40.387937,-3.744696,https://informo.madrid.es/cameras/Camara11311.jpg?v=76738,https://informo.madrid.es/informo/tmadrid/CCTV.kml
camara04318,,40.421854,-3.680115,https://informo.madrid.es/cameras/Camara04318.jpg?v=76738,https://informo.madrid.es/informo/tmadrid/CCTV.kml
camara19301,,40.409814,-3.609796,https://informo.madrid.es/cameras/Camara19301.jpg?v=76738,https://informo.madrid.es/informo/tmadrid/CCTV.kml
camara03308,,40.421521,-3.676158,https://informo.madrid.es/cameras/Camara03308.jpg?v=76738,https://informo.madrid.es/informo/tmadrid/CCTV.kml
camara10310,,40.399009,-3.767026,https://informo.madrid.es/cameras/Camara10310.jpg?v=76738,https://informo.madrid.es/informo/tmadrid/CCTV.kml
camara11312,,40.384570,-3.739566,https://informo.madrid.es/cameras/Camara11312.jpg?v=76738,https://informo.madrid.es/informo/tmadrid/CCTV.kml
camara19302,,40.397206,-3.619539,https://informo.madrid.es/cameras/Camara19302.jpg?v=76738,https://informo.madrid.es/informo/tmadrid/CCTV.kml
camara11313,,40.363744,-3.743713,https://informo.madrid.es/cameras/Camara11313.jpg?v=76738,https://informo.madrid.es/informo/tmadrid/CCTV.kml
camara17303,,40.349804,-3.705839,https://informo.madrid.es/cameras/Camara17303.jpg?v=76738,https://informo.madrid.es/informo/tmadrid/CCTV.kml
camara15312,,40.427261,-3.647179,https://informo.madrid.es/cameras/Camara15312.jpg?v=76738,https://informo.madrid.es/informo/tmadrid/CCTV.kml
camara13308,,40.381678,-3.668851,https://informo.madrid.es/cameras/Camara13308.jpg?v=76738,https://informo.madrid.es/informo/tmadrid/CCTV.kml
camara15313,,40.440816,-3.657028,https://informo.madrid.es/cameras/Camara15313.jpg?v=76738,https://informo.madrid.es/informo/tmadrid/CCTV.kml
camara16329,,40.472887,-3.648991,https://informo.madrid.es/cameras/Camara16329.jpg?v=76738,https://informo.madrid.es/informo/tmadrid/CCTV.kml
camara04319,,40.438164,-3.660943,https://informo.madrid.es/cameras/Camara04319.jpg?v=76738,https://informo.madrid.es/informo/tmadrid/CCTV.kml
camara05314,,40.443492,-3.667351,https://informo.madrid.es/cameras/Camara05314.jpg?v=76738,https://informo.madrid.es/informo/tmadrid/CCTV.kml
camara08322,,40.483857,-3.699567,https://informo.madrid.es/cameras/Camara08322.jpg?v=76738,https://informo.madrid.es/informo/tmadrid/CCTV.kml
camara10322,,40.379148,-3.770212,https://informo.madrid.es/cameras/Camara10322.jpg?v=76738,https://informo.madrid.es/informo/tmadrid/CCTV.kml
camara12310,,40.385127,-3.712113,https://informo.madrid.es/cameras/Camara12310.jpg?v=76738,https://informo.madrid.es/informo/tmadrid/CCTV.kml
camara01334,,40.414948,-3.713450,https://informo.madrid.es/cameras/Camara01334.jpg?v=76738,https://informo.madrid.es/informo/tmadrid/CCTV.kml
camara05315,,40.472868,-3.676558,https://informo.madrid.es/cameras/Camara05315.jpg?v=76738,https://informo.madrid.es/informo/tmadrid/CCTV.kml
camara02309,,40.382445,-3.688324,https://informo.madrid.es/cameras/Camara02309.jpg?v=76738,https://informo.madrid.es/informo/tmadrid/CCTV.kml
camara08323,,40.507332,-3.685331,https://informo.madrid.es/cameras/Camara08323.jpg?v=76738,https://informo.madrid.es/informo/tmadrid/CCTV.kml
camara14306,,40.398948,-3.647133,https://informo.madrid.es/cameras/Camara14306.jpg?v=76738,https://informo.madrid.es/informo/tmadrid/CCTV.kml
camara08324,,40.503859,-3.658977,https://informo.madrid.es/cameras/Camara08324.jpg?v=76738,https://informo.madrid.es/informo/tmadrid/CCTV.kml
camara11314,,40.367793,-3.741067,https://informo.madrid.es/cameras/Camara11314.jpg?v=76738,https://informo.madrid.es/informo/tmadrid/CCTV.kml
camara08325,,40.516359,-3.685713,https://informo.madrid.es/cameras/Camara08325.jpg?v=76738,https://informo.madrid.es/informo/tmadrid/CCTV.kml
camara09315,,40.462906,-3.779306,https://informo.madrid.es/cameras/Camara09315.jpg?v=76738,https://informo.madrid.es/informo/tmadrid/CCTV.kml
camara10312,,40.393809,-3.771414,https://informo.madrid.es/cameras/Camara10312.jpg?v=76738,https://informo.madrid.es/informo/tmadrid/CCTV.kml
camara13310,,40.372305,-3.679991,https://informo.madrid.es/cameras/Camara13310.jpg?v=76738,https://informo.madrid.es/informo/tmadrid/CCTV.kml
camara01335,,40.421395,-3.707926,https://informo.madrid.es/cameras/Camara01335.jpg?v=76738,https://informo.madrid.es/informo/tmadrid/CCTV.kml
camara03309,,40.404237,-3.680670,https://informo.madrid.es/cameras/Camara03309.jpg?v=76738,https://informo.madrid.es/informo/tmadrid/CCTV.kml
camara04320,,40.434931,-3.674896,https://informo.madrid.es/cameras/Camara04320.jpg?v=76738,https://informo.madrid.es/informo/tmadrid/CCTV.kml
camara04321,,40.430173,-3.683768,https://informo.madrid.es/cameras/Camara04321.jpg?v=76738,https://informo.madrid.es/informo/tmadrid/CCTV.kml
camara04322,,40.420603,-3.688705,https://informo.madrid.es/cameras/Camara04322.jpg?v=76738,https://informo.madrid.es/informo/tmadrid/CCTV.kml
camara05323,,40.440477,-3.680613,https://informo.madrid.es/cameras/Camara05323.jpg?v=76738,https://informo.madrid.es/informo/tmadrid/CCTV.kml
camara06313,,40.452950,-3.703135,https://informo.madrid.es/cameras/Camara06313.jpg?v=76738,https://informo.madrid.es/informo/tmadrid/CCTV.kml
camara07310,,40.434695,-3.698625,https://informo.madrid.es/cameras/Camara07310.jpg?v=76738,https://informo.madrid.es/informo/tmadrid/CCTV.kml
camara08326,,40.499184,-3.686378,https://informo.madrid.es/cameras/Camara08326.jpg?v=76738,https://informo.madrid.es/informo/tmadrid/CCTV.kml
camara08327,,40.485134,-3.709915,https://informo.madrid.es/cameras/Camara08327.jpg?v=76738,https://informo.madrid.es/informo/tmadrid/CCTV.kml
camara08328,,40.485130,-3.684097,https://informo.madrid.es/cameras/Camara08328.jpg?v=76738,https://informo.madrid.es/informo/tmadrid/CCTV.kml
camara08329,,40.510990,-3.666902,https://informo.madrid.es/cameras/Camara08329.jpg?v=76738,https://informo.madrid.es/informo/tmadrid/CCTV.kml
camara08330,,40.502226,-3.675911,https://informo.madrid.es/cameras/Camara08330.jpg?v=76738,https://informo.madrid.es/informo/tmadrid/CCTV.kml
camara09316,,40.428949,-3.715200,https://informo.madrid.es/cameras/Camara09316.jpg?v=76738,https://informo.madrid.es/informo/tmadrid/CCTV.kml
camara09317,,40.427315,-3.718416,https://informo.madrid.es/cameras/Camara09317.jpg?v=76738,https://informo.madrid.es/informo/tmadrid/CCTV.kml
camara09318,,40.424969,-3.725542,https://informo.madrid.es/cameras/Camara09318.jpg?v=76738,https://informo.madrid.es/informo/tmadrid/CCTV.kml
camara10320,,40.407087,-3.745860,https://informo.madrid.es/cameras/Camara10320.jpg?v=76738,https://informo.madrid.es/informo/tmadrid/CCTV.kml
camara11315,,40.393543,-3.723558,https://informo.madrid.es/cameras/Camara11315.jpg?v=76738,https://informo.madrid.es/informo/tmadrid/CCTV.kml
camara11316,,40.385422,-3.723767,https://informo.madrid.es/cameras/Camara11316.jpg?v=76738,https://informo.madrid.es/informo/tmadrid/CCTV.kml
camara11317,,40.373203,-3.742330,https://informo.madrid.es/cameras/Camara11317.jpg?v=76738,https://informo.madrid.es/informo/tmadrid/CCTV.kml
camara13311,,40.397349,-3.667340,https://informo.madrid.es/cameras/Camara13311.jpg?v=76738,https://informo.madrid.es/informo/tmadrid/CCTV.kml
camara13312,,40.381349,-3.652987,https://informo.madrid.es/cameras/Camara13312.jpg?v=76738,https://informo.madrid.es/informo/tmadrid/CCTV.kml
camara13313,,40.382120,-3.663615,https://informo.madrid.es/cameras/Camara13313.jpg?v=76738,https://informo.madrid.es/informo/tmadrid/CCTV.kml
camara13314,,40.376466,-3.659618,https://informo.madrid.es/cameras/Camara13314.jpg?v=76738,https://informo.madrid.es/informo/tmadrid/CCTV.kml
camara14307,,40.410491,-3.658245,https://informo.madrid.es/cameras/Camara14307.jpg?v=76738,https://informo.madrid.es/informo/tmadrid/CCTV.kml
camara14308,,40.408067,-3.646136,https://informo.madrid.es/cameras/Camara14308.jpg?v=76738,https://informo.madrid.es/informo/tmadrid/CCTV.kml
camara20315,,40.430028,-3.632526,https://informo.madrid.es/cameras/Camara20315.jpg?v=76738,https://informo.madrid.es/informo/tmadrid/CCTV.kml
camara15315,,40.429424,-3.643841,https://informo.madrid.es/cameras/Camara15315.jpg?v=76738,https://informo.madrid.es/informo/tmadrid/CCTV.kml
camara16312,,40.457632,-3.644093,https://informo.madrid.es/cameras/Camara16312.jpg?v=76738,https://informo.madrid.es/informo/tmadrid/CCTV.kml
camara16313,,40.500618,-3.658935,https://informo.madrid.es/cameras/Camara16313.jpg?v=76738,https://informo.madrid.es/informo/tmadrid/CCTV.kml
camara16314,,40.483734,-3.648108,https://informo.madrid.es/cameras/Camara16314.jpg?v=76738,https://informo.madrid.es/informo/tmadrid/CCTV.kml
camara17304,,40.348844,-3.675155,https://informo.madrid.es/cameras/Camara17304.jpg?v=76738,https://informo.madrid.es/informo/tmadrid/CCTV.kml
camara18307,,40.381408,-3.624369,https://informo.madrid.es/cameras/Camara18307.jpg?v=76738,https://informo.madrid.es/informo/tmadrid/CCTV.kml
camara21303,,40.475840,-3.582380,https://informo.madrid.es/cameras/Camara21303.jpg?v=76738,https://informo.madrid.es/informo/tmadrid/CCTV.kml
camara19303,,40.399244,-3.603041,https://informo.madrid.es/cameras/Camara19303.jpg?v=76738,https://informo.madrid.es/informo/tmadrid/CCTV.kml
camara15318,,40.467091,-3.666044,https://informo.madrid.es/cameras/Camara15318.jpg?v=76738,https://informo.madrid.es/informo/tmadrid/CCTV.kml
camara05319,,40.466350,-3.667566,https://informo.madrid.es/cameras/Camara05319.jpg?v=76738,https://informo.madrid.es/informo/tmadrid/CCTV.kml
camara16315,,40.491759,-3.671751,https://informo.madrid.es/cameras/Camara16315.jpg?v=76738,https://informo.madrid.es/informo/tmadrid/CCTV.kml
camara05317,,40.449092,-3.666276,https://informo.madrid.es/cameras/Camara05317.jpg?v=76738,https://informo.madrid.es/informo/tmadrid/CCTV.kml
camara05318,,40.448759,-3.667112,https://informo.madrid.es/cameras/Camara05318.jpg?v=76738,https://informo.madrid.es/informo/tmadrid/CCTV.kml
camara15317,,40.461891,-3.663845,https://informo.madrid.es/cameras/Camara15317.jpg?v=76738,https://informo.madrid.es/informo/tmadrid/CCTV.kml
camara13317,,40.405128,-3.658979,https://informo.madrid.es/cameras/Camara13317.jpg?v=76738,https://informo.madrid.es/informo/tmadrid/CCTV.kml
camara02312,,40.386790,-3.689969,https://informo.madrid.es/cameras/Camara02312.jpg?v=76738,https://informo.madrid.es/informo/tmadrid/CCTV.kml
camara03310,,40.411580,-3.676472,https://informo.madrid.es/cameras/Camara03310.jpg?v=76738,https://informo.madrid.es/informo/tmadrid/CCTV.kml
camara10315,,40.364262,-3.777400,https://informo.madrid.es/cameras/Camara10315.jpg?v=76738,https://informo.madrid.es/informo/tmadrid/CCTV.kml
camara06314,,40.452343,-3.695026,https://informo.madrid.es/cameras/Camara06314.jpg?v=76738,https://informo.madrid.es/informo/tmadrid/CCTV.kml
camara08334,,40.490121,-3.716181,https://informo.madrid.es/cameras/Camara08334.jpg?v=76738,https://informo.madrid.es/informo/tmadrid/CCTV.kml
camara08331,,40.471209,-3.720518,https://informo.madrid.es/cameras/Camara08331.jpg?v=76738,https://informo.madrid.es/informo/tmadrid/CCTV.kml
camara08332,,40.498112,-3.668803,https://informo.madrid.es/cameras/Camara08332.jpg?v=76738,https://informo.madrid.es/informo/tmadrid/CCTV.kml
camara08333,,40.508187,-3.677990,https://informo.madrid.es/cameras/Camara08333.jpg?v=76738,https://informo.madrid.es/informo/tmadrid/CCTV.kml
camara09319,,40.448145,-3.728048,https://informo.madrid.es/cameras/Camara09319.jpg?v=76738,https://informo.madrid.es/informo/tmadrid/CCTV.kml
camara09320,,40.438285,-3.732373,https://informo.madrid.es/cameras/Camara09320.jpg?v=76738,https://informo.madrid.es/informo/tmadrid/CCTV.kml
camara15316,,40.450922,-3.652392,https://informo.madrid.es/cameras/Camara15316.jpg?v=76738,https://informo.madrid.es/informo/tmadrid/CCTV.kml
camara18308,,40.376987,-3.630388,https://informo.madrid.es/cameras/Camara18308.jpg?v=76738,https://informo.madrid.es/informo/tmadrid/CCTV.kml
camara17305,,40.331556,-3.714228,https://informo.madrid.es/cameras/Camara17305.jpg?v=76738,https://informo.madrid.es/informo/tmadrid/CCTV.kml
camara11319,,40.384079,-3.746858,https://informo.madrid.es/cameras/Camara11319.jpg?v=76738,https://informo.madrid.es/informo/tmadrid/CCTV.kml
camara11318,,40.372866,-3.741927,https://informo.madrid.es/cameras/Camara11318.jpg?v=76738,https://informo.madrid.es/informo/tmadrid/CCTV.kml
camara13315,,40.384341,-3.633571,https://informo.madrid.es/cameras/Camara13315.jpg?v=76738,https://informo.madrid.es/informo/tmadrid/CCTV.kml
camara19304,,40.403805,-3.595096,https://informo.madrid.es/cameras/Camara19304.jpg?v=76738,https://informo.madrid.es/informo/tmadrid/CCTV.kml
camara21305,,40.463454,-3.616003,https://informo.madrid.es/cameras/Camara21305.jpg?v=76738,https://informo.madrid.es/informo/tmadrid/CCTV.kml
camara01301,,40.425669,-3.690516,https://informo.madrid.es/cameras/Camara01301.jpg?v=76738,https://informo.madrid.es/informo/tmadrid/CCTV.kml
camara10316,,40.399891,-3.763544,https://informo.madrid.es/cameras/Camara10316.jpg?v=76738,https://informo.madrid.es/informo/tmadrid/CCTV.kml
camara08335,,40.495735,-3.719404,https://informo.madrid.es/cameras/Camara08335.jpg?v=76738,https://informo.madrid.es/informo/tmadrid/CCTV.kml
camara20314,,40.433009,-3.600288,https://informo.madrid.es/cameras/Camara20314.jpg?v=76738,https://informo.madrid.es/informo/tmadrid/CCTV.kml
camara05326,,40.451743,-3.681010,https://informo.madrid.es/cameras/Camara05326.jpg?v=76738,https://informo.madrid.es/informo/tmadrid/CCTV.kml
camara03311,,40.416272,-3.669191,https://informo.madrid.es/cameras/Camara03311.jpg?v=76738,https://informo.madrid.es/informo/tmadrid/CCTV.kml
camara09322,,40.465647,-3.719251,https://informo.madrid.es/cameras/Camara09322.jpg?v=76738,https://informo.madrid.es/informo/tmadrid/CCTV.kml
camara06312,,40.457476,-3.711411,https://informo.madrid.es/cameras/Camara06312.jpg?v=76738,https://informo.madrid.es/informo/tmadrid/CCTV.kml
camara05316,,40.441418,-3.678826,https://informo.madrid.es/cameras/Camara05316.jpg?v=76738,https://informo.madrid.es/informo/tmadrid/CCTV.kml
camara05322,,40.442138,-3.682656,https://informo.madrid.es/cameras/Camara05322.jpg?v=76738,https://informo.madrid.es/informo/tmadrid/CCTV.kml
camara16308,,40.487072,-3.651275,https://informo.madrid.es/cameras/Camara16308.jpg?v=76738,https://informo.madrid.es/informo/tmadrid/CCTV.kml
camara09323,,40.422232,-3.713058,https://informo.madrid.es/cameras/Camara09323.jpg?v=76738,https://informo.madrid.es/informo/tmadrid/CCTV.kml
camara09324,,40.421861,-3.713262,https://informo.madrid.es/cameras/Camara09324.jpg?v=76738,https://informo.madrid.es/informo/tmadrid/CCTV.kml
camara09325,,40.424697,-3.715894,https://informo.madrid.es/cameras/Camara09325.jpg?v=76738,https://informo.madrid.es/informo/tmadrid/CCTV.kml
camara13316,,40.404173,-3.654228,https://informo.madrid.es/cameras/Camara13316.jpg?v=76738,https://informo.madrid.es/informo/tmadrid/CCTV.kml
camara16320,,40.484522,-3.642673,https://informo.madrid.es/cameras/Camara16320.jpg?v=76738,https://informo.madrid.es/informo/tmadrid/CCTV.kml
camara16318,,40.491382,-3.660554,https://informo.madrid.es/cameras/Camara16318.jpg?v=76738,https://informo.madrid.es/informo/tmadrid/CCTV.kml
camara16319,,40.489063,-3.656899,https://informo.madrid.es/cameras/Camara16319.jpg?v=76738,https://informo.madrid.es/informo/tmadrid/CCTV.kml
camara16321,,40.486680,-3.632822,https://informo.madrid.es/cameras/Camara16321.jpg?v=76738,https://informo.madrid.es/informo/tmadrid/CCTV.kml
camara16326,,40.495551,-3.623705,https://informo.madrid.es/cameras/Camara16326.jpg?v=76738,https://informo.madrid.es/informo/tmadrid/CCTV.kml
camara16322,,40.482283,-3.618806,https://informo.madrid.es/cameras/Camara16322.jpg?v=76738,https://informo.madrid.es/informo/tmadrid/CCTV.kml
camara16325,,40.495632,-3.616135,https://informo.madrid.es/cameras/Camara16325.jpg?v=76738,https://informo.madrid.es/informo/tmadrid/CCTV.kml
camara16324,,40.494922,-3.608521,https://informo.madrid.es/cameras/Camara16324.jpg?v=76738,https://informo.madrid.es/informo/tmadrid/CCTV.kml
camara16317,,40.497439,-3.654106,https://informo.madrid.es/cameras/Camara16317.jpg?v=76738,https://informo.madrid.es/informo/tmadrid/CCTV.kml
camara16328,,40.487939,-3.612617,https://informo.madrid.es/cameras/Camara16328.jpg?v=76738,https://informo.madrid.es/informo/tmadrid/CCTV.kml
camara04323,,40.435857,-3.679177,https://informo.madrid.es/cameras/Camara04323.jpg?v=76738,https://informo.madrid.es/informo/tmadrid/CCTV.kml
camara03301,,40.407441,-3.688703,https://informo.madrid.es/cameras/Camara03301.jpg?v=76738,https://informo.madrid.es/informo/tmadrid/CCTV.kml
camara03312,,40.405670,-3.685089,https://informo.madrid.es/cameras/Camara03312.jpg?v=76738,https://informo.madrid.es/informo/tmadrid/CCTV.kml
camara05324,,40.480975,-3.675852,https://informo.madrid.es/cameras/Camara05324.jpg?v=76738,https://informo.madrid.es/informo/tmadrid/CCTV.kml
camara08336,,40.476903,-3.741571,https://informo.madrid.es/cameras/Camara08336.jpg?v=76738,https://informo.madrid.es/informo/tmadrid/CCTV.kml
camara09321,,40.457196,-3.729816,https://informo.madrid.es/cameras/Camara09321.jpg?v=76738,https://informo.madrid.es/informo/tmadrid/CCTV.kml
camara06305,,40.459064,-3.690239,https://informo.madrid.es/cameras/Camara06305.jpg?v=76738,https://informo.madrid.es/informo/tmadrid/CCTV.kml
camara03314,,40.401434,-3.674831,https://informo.madrid.es/cameras/Camara03314.jpg?v=76738,https://informo.madrid.es/informo/tmadrid/CCTV.kml
camara02313,,40.399887,-3.684884,https://informo.madrid.es/cameras/Camara02313.jpg?v=76738,https://informo.madrid.es/informo/tmadrid/CCTV.kml
camara15305,,40.437964,-3.638109,https://informo.madrid.es/cameras/Camara15305.jpg?v=76738,https://informo.madrid.es/informo/tmadrid/CCTV.kml
camara16303,,40.469927,-3.638489,https://informo.madrid.es/cameras/Camara16303.jpg?v=76738,https://informo.madrid.es/informo/tmadrid/CCTV.kml
camara05320,,40.451739,-3.685764,https://informo.madrid.es/cameras/Camara05320.jpg?v=76738,https://informo.madrid.es/informo/tmadrid/CCTV.kml
camara07305,,40.438546,-3.700167,https://informo.madrid.es/cameras/Camara07305.jpg?v=76738,https://informo.madrid.es/informo/tmadrid/CCTV.kml
camara09302,,40.430689,-3.716451,https://informo.madrid.es/cameras/Camara09302.jpg?v=76738,https://informo.madrid.es/informo/tmadrid/CCTV.kml
camara10305,,40.413619,-3.728523,https://informo.madrid.es/cameras/Camara10305.jpg?v=76738,https://informo.madrid.es/informo/tmadrid/CCTV.kml
camara10314,,40.398104,-3.756329,https://informo.madrid.es/cameras/Camara10314.jpg?v=76738,https://informo.madrid.es/informo/tmadrid/CCTV.kml
camara10318,,40.400830,-3.744781,https://informo.madrid.es/cameras/Camara10318.jpg?v=76738,https://informo.madrid.es/informo/tmadrid/CCTV.kml
camara11320,,40.399297,-3.733652,https://informo.madrid.es/cameras/Camara11320.jpg?v=76738,https://informo.madrid.es/informo/tmadrid/CCTV.kml
camara10317,,40.392352,-3.758234,https://informo.madrid.es/cameras/Camara10317.jpg?v=76738,https://informo.madrid.es/informo/tmadrid/CCTV.kml
camara12311,,40.384946,-3.693626,https://informo.madrid.es/cameras/Camara12311.jpg?v=76738,https://informo.madrid.es/informo/tmadrid/CCTV.kml
camara16323,,40.485090,-3.608433,https://informo.madrid.es/cameras/Camara16323.jpg?v=76738,https://informo.madrid.es/informo/tmadrid/CCTV.kml
camara10313,,40.409958,-3.738622,https://informo.madrid.es/cameras/Camara10313.jpg?v=76738,https://informo.madrid.es/informo/tmadrid/CCTV.kml
camara05327,,40.468178,-3.678025,https://informo.madrid.es/cameras/Camara05327.jpg?v=76738,https://informo.madrid.es/informo/tmadrid/CCTV.kml
camara15320,,40.476041,-3.668673,https://informo.madrid.es/cameras/Camara15320.jpg?v=76738,https://informo.madrid.es/informo/tmadrid/CCTV.kml
camara19305,,40.405770,-3.561148,https://informo.madrid.es/cameras/Camara19305.jpg?v=76738,https://informo.madrid.es/informo/tmadrid/CCTV.kml
camara19306,,40.406981,-3.552685,https://informo.madrid.es/cameras/Camara19306.jpg?v=76738,https://informo.madrid.es/informo/tmadrid/CCTV.kml
camara10311,,40.374852,-3.776477,https://informo.madrid.es/cameras/Camara10311.jpg?v=76738,https://informo.madrid.es/informo/tmadrid/CCTV.kml
camara10321,,40.401019,-3.759404,https://informo.madrid.es/cameras/Camara10321.jpg?v=76738,https://informo.madrid.es/informo/tmadrid/CCTV.kml
camara04324,,40.432675,-3.683569,https://informo.madrid.es/cameras/Camara04324.jpg?v=76738,https://informo.madrid.es/informo/tmadrid/CCTV.kml
camara03315,,40.418371,-3.676296,https://informo.madrid.es/cameras/Camara03315.jpg?v=76738,https://informo.madrid.es/informo/tmadrid/CCTV.kml
camara07301,,40.441500,-3.692087,https://informo.madrid.es/cameras/Camara07301.jpg?v=76738,https://informo.madrid.es/informo/tmadrid/CCTV.kml
camara06309,,40.447114,-3.708348,https://informo.madrid.es/cameras/Camara06309.jpg?v=76738,https://informo.madrid.es/informo/tmadrid/CCTV.kml
camara09328,,40.445861,-3.715066,https://informo.madrid.es/cameras/Camara09328.jpg?v=76738,https://informo.madrid.es/informo/tmadrid/CCTV.kml
camara04310,,40.433111,-3.686822,https://informo.madrid.es/cameras/Camara04310.jpg?v=76738,https://informo.madrid.es/informo/tmadrid/CCTV.kml
camara04305,,40.431128,-3.662448,https://informo.madrid.es/cameras/Camara04305.jpg?v=76738,https://informo.madrid.es/informo/tmadrid/CCTV.kml
camara15314,,40.433037,-3.634256,https://informo.madrid.es/cameras/Camara15314.jpg?v=76738,https://informo.madrid.es/informo/tmadrid/CCTV.kml
camara16311,,40.471008,-3.657910,https://informo.madrid.es/cameras/Camara16311.jpg?v=76738,https://informo.madrid.es/informo/tmadrid/CCTV.kml
camara15319,,40.441617,-3.640772,https://informo.madrid.es/cameras/Camara15319.jpg?v=76738,https://informo.madrid.es/informo/tmadrid/CCTV.kml
camara08337,,40.499460,-3.698593,https://informo.madrid.es/cameras/Camara08337.jpg?v=76738,https://informo.madrid.es/informo/tmadrid/CCTV.kml
