image_id,camera_id,camera_name,source_url,retrieved_at_utc,source_timestamp,latitude,longitude,width,height,sha256,local_relative_path,licence_or_source_note
camara05324__20260825T084948Z,camara05324,,https://informo.madrid.es/cameras/Camara05324.jpg?v=76738,2026-08-25T08:49:48+00:00,,,,1280,720,ac1f0a73004bc3ae2a9a566c75fc85ef559fea0847860ddaf62a05f85248332f,data/raw/camara05324/camara05324__20260825T084948Z.jpg,"Ayuntamiento de Madrid open data (informo.madrid.es KML; licence via the datos.madrid.es catalogue, with datos.gob.es as the official national fallback). data/source_resolution.json is the authoritative provenance record: see its verbatim terms-of-use snippets and the source that supplied them."
camara16304__20260825T084948Z,camara16304,,https://informo.madrid.es/cameras/Camara16304.jpg?v=76738,2026-08-25T08:49:48+00:00,,,,1280,720,3f6cd2f18ee4d77a1e5dbd4ffb38a0de8a25273c889e986f61203c840b516347,data/raw/camara16304/camara16304__20260825T084948Z.jpg,"Ayuntamiento de Madrid open data (informo.madrid.es KML; licence via the datos.madrid.es catalogue, with datos.gob.es as the official national fallback). data/source_resolution.json is the authoritative provenance record: see its verbatim terms-of-use snippets and the source that supplied them."
camara14302__20260825T084948Z,camara14302,,https://informo.madrid.es/cameras/Camara14302.jpg?v=76738,2026-08-25T08:49:48+00:00,,,,1280,720,f4c7baa8fa62116c8ddb7999b10c1ae06d0987de3121abca137340a106f3599e,data/raw/camara14302/camara14302__20260825T084948Z.jpg,"Ayuntamiento de Madrid open data (informo.madrid.es KML; licence via the datos.madrid.es catalogue, with datos.gob.es as the official national fallback). data/source_resolution.json is the authoritative provenance record: see its verbatim terms-of-use snippets and the source that supplied them."
camara14308__20260825T084949Z,camara14308,,https://informo.madrid.es/cameras/Camara14308.jpg?v=76738,2026-08-25T08:49:49+00:00,,,,1280,720,94ee33a46a14c55c4c006cf44757f4e130078fd59ec14e14e6fc83d6ac180223,data/raw/camara14308/camara14308__20260825T084949Z.jpg,"Ayuntamiento de Madrid open data (informo.madrid.es KML; licence via the datos.madrid.es catalogue, with datos.gob.es as the official national fallback). data/source_resolution.json is the authoritative provenance record: see its verbatim terms-of-use snippets and the source that supplied them."
camara13311__20260825T084949Z,camara13311,,https://informo.madrid.es/cameras/Camara13311.jpg?v=76738,2026-08-25T08:49:49+00:00,,,,1280,720,ab6ed4b318d52805b898765466acd0ba62456bf26816ea42119066eb9e0d1217,data/raw/camara13311/camara13311__20260825T084949Z.jpg,"Ayuntamiento de Madrid open data (informo.madrid.es KML; licence via the datos.madrid.es catalogue, with datos.gob.es as the official national fallback). data/source_resolution.json is the authoritative provenance record: see its verbatim terms-of-use snippets and the source that supplied them."
camara11315__20260825T084949Z,camara11315,,https://informo.madrid.es/cameras/Camara11315.jpg?v=76738,2026-08-25T08:49:49+00:00,,,,1280,720,540f4ed4ca96c4beb5eecd8966301fceb4b45e56219fb203b861a002b084b28a,data/raw/camara11315/camara11315__20260825T084949Z.jpg,"Ayuntamiento de Madrid open data (informo.madrid.es KML; licence via the datos.madrid.es catalogue, with datos.gob.es as the official national fallback). data/source_resolution.json is the authoritative provenance record: see its verbatim terms-of-use snippets and the source that supplied them."
camara07306__20260825T084949Z,camara07306,,https://informo.madrid.es/cameras/Camara07306.jpg?v=76738,2026-08-25T08:49:49+00:00,,,,1280,720,7a44ced6f70e91741b6ae979cbde46dc37142e8667a565c5af88654d41d1cc34,data/raw/camara07306/camara07306__20260825T084949Z.jpg,"Ayuntamiento de Madrid open data (informo.madrid.es KML; licence via the datos.madrid.es catalogue, with datos.gob.es as the official national fallback). data/source_resolution.json is the authoritative provenance record: see its verbatim terms-of-use snippets and the source that supplied them."
camara09321__20260825T084949Z,camara09321,,https://informo.madrid.es/cameras/Camara09321.jpg?v=76738,2026-08-25T08:49:49+00:00,,,,1280,720,44e63c94600bca5ca38acf8dfa3ab3ec5f57392584687eb7b5f7ddf3fa97a984,data/raw/camara09321/camara09321__20260825T084949Z.jpg,"Ayuntamiento de Madrid open data (informo.madrid.es KML; licence via the datos.madrid.es catalogue, with datos.gob.es as the official national fallback). data/source_resolution.json is the authoritative provenance record: see its verbatim terms-of-use snippets and the source that supplied them."
camara05324__20260825T085248Z,camara05324,,https://informo.madrid.es/cameras/Camara05324.jpg?v=76738,2026-08-25T08:52:48+00:00,,,,1280,720,113d5031f54d1253aad6ddba3ee64f4f73c98af224d4029f8d14e7e2a2b034b1,data/raw/camara05324/camara05324__20260825T085248Z.jpg,"Ayuntamiento de Madrid open data (informo.madrid.es KML; licence via the datos.madrid.es catalogue, with datos.gob.es as the official national fallback). data/source_resolution.json is the authoritative provenance record: see its verbatim terms-of-use snippets and the source that supplied them."
camara16304__20260825T085248Z,camara16304,,https://informo.madrid.es/cameras/Camara16304.jpg?v=76738,2026-08-25T08:52:48+00:00,,,,1280,720,be64e60f039b4a7f66e895fc0fe953fe8cf1616ecc078472376ae73da6b4e5e7,data/raw/camara16304/camara16304__20260825T085248Z.jpg,"Ayuntamiento de Madrid open data (informo.madrid.es KML; licence via the datos.madrid.es catalogue, with datos.gob.es as the official national fallback). data/source_resolution.json is the authoritative provenance record: see its verbatim terms-of-use snippets and the source that supplied them."
camara14302__20260825T085249Z,camara14302,,https://informo.madrid.es/cameras/Camara14302.jpg?v=76738,2026-08-25T08:52:49+00:00,,,,1280,720,424b6c346af523e54e67176e0e607e622981a6584d24d25f2169fe78e284cca2,data/raw/camara14302/camara14302__20260825T085249Z.jpg,"Ayuntamiento de Madrid open data (informo.madrid.es KML; licence via the datos.madrid.es catalogue, with datos.gob.es as the official national fallback). data/source_resolution.json is the authoritative provenance record: see its verbatim terms-of-use snippets and the source that supplied them."
camara14308__20260825T085249Z,camara14308,,https://informo.madrid.es/cameras/Camara14308.jpg?v=76738,2026-08-25T08:52:49+00:00,,,,1280,720,3630345b7b15de32490f3d4efc97396ec10a201cd38e7b4d78a544c70849c568,data/raw/camara14308/camara14308__20260825T085249Z.jpg,"Ayuntamiento de Madrid open data (informo.madrid.es KML; licence via the datos.madrid.es catalogue, with datos.gob.es as the official national fallback). data/source_resolution.json is the authoritative provenance record: see its verbatim terms-of-use snippets and the source that supplied them."
camara13311__20260825T085249Z,camara13311,,https://informo.madrid.es/cameras/Camara13311.jpg?v=76738,2026-08-25T08:52:49+00:00,,,,1280,720,a230c0884378a8ed14130b8ce508b148b6495b055ae852e4d1705e94d580ff56,data/raw/camara13311/camara13311__20260825T085249Z.jpg,"Ayuntamiento de Madrid open data (informo.madrid.es KML; licence via the datos.madrid.es catalogue, with datos.gob.es as the official national fallback). data/source_resolution.json is the authoritative provenance record: see its verbatim terms-of-use snippets and the source that supplied them."
camara11315__20260825T085250Z,camara11315,,https://informo.madrid.es/cameras/Camara11315.jpg?v=76738,2026-08-25T08:52:50+00:00,,,,1280,720,25696ab13887c57bb3d4caf8fb92caf9c0a1bfb1dc6667789287c071cd7f1f1e,data/raw/camara11315/camara11315__20260825T085250Z.jpg,"Ayuntamiento de Madrid open data (informo.madrid.es KML; licence via the datos.madrid.es catalogue, with datos.gob.es as the official national fallback). data/source_resolution.json is the authoritative provenance record: see its verbatim terms-of-use snippets and the source that supplied them."
camara07306__20260825T085250Z,camara07306,,https://informo.madrid.es/cameras/Camara07306.jpg?v=76738,2026-08-25T08:52:50+00:00,,,,1280,720,b0aee4820f16a959b876c8a11add0fb5ff2e2e34f46d59ec45dfe3ea3296f1bc,data/raw/camara07306/camara07306__20260825T085250Z.jpg,"Ayuntamiento de Madrid open data (informo.madrid.es KML; licence via the datos.madrid.es catalogue, with datos.gob.es as the official national fallback). data/source_resolution.json is the authoritative provenance record: see its verbatim terms-of-use snippets and the source that supplied them."
camara09321__20260825T085250Z,camara09321,,https://informo.madrid.es/cameras/Camara09321.jpg?v=76738,2026-08-25T08:52:50+00:00,,,,1280,720,03c89e5baf45024fc34cb4211a3b9f8aad8ab2ce18953e833b1008e88fd59995,data/raw/camara09321/camara09321__20260825T085250Z.jpg,"Ayuntamiento de Madrid open data (informo.madrid.es KML; licence via the datos.madrid.es catalogue, with datos.gob.es as the official national fallback). data/source_resolution.json is the authoritative provenance record: see its verbatim terms-of-use snippets and the source that supplied them."
camara05324__20260825T085421Z,camara05324,,https://informo.madrid.es/cameras/Camara05324.jpg?v=76738,2026-08-25T08:54:21+00:00,,,,1280,720,5ea90f85b0dea3339ad6efbbddd50d4dfa67d13ef0afbab415983403750d6715,data/raw/camara05324/camara05324__20260825T085421Z.jpg,"Ayuntamiento de Madrid open data (informo.madrid.es KML; licence via the datos.madrid.es catalogue, with datos.gob.es as the official national fallback). data/source_resolution.json is the authoritative provenance record: see its verbatim terms-of-use snippets and the source that supplied them."
camara16304__20260825T085421Z,camara16304,,https://informo.madrid.es/cameras/Camara16304.jpg?v=76738,2026-08-25T08:54:21+00:00,,,,1280,720,59c314c2ea87213aa9e720c3570e22f3da78844c4751fe14090d71c54dd26840,data/raw/camara16304/camara16304__20260825T085421Z.jpg,"Ayuntamiento de Madrid open data (informo.madrid.es KML; licence via the datos.madrid.es catalogue, with datos.gob.es as the official national fallback). data/source_resolution.json is the authoritative provenance record: see its verbatim terms-of-use snippets and the source that supplied them."
camara14302__20260825T085421Z,camara14302,,https://informo.madrid.es/cameras/Camara14302.jpg?v=76738,2026-08-25T08:54:21+00:00,,,,1280,720,838cbbd124c79aee3cbe9fa038e2231473e3b26d108c56c2bb388048be9069cc,data/raw/camara14302/camara14302__20260825T085421Z.jpg,"Ayuntamiento de Madrid open data (informo.madrid.es KML; licence via the datos.madrid.es catalogue, with datos.gob.es as the official national fallback). data/source_resolution.json is the authoritative provenance record: see its verbatim terms-of-use snippets and the source that supplied them."
camara14308__20260825T085422Z,camara14308,,https://informo.madrid.es/cameras/Camara14308.jpg?v=76738,2026-08-25T08:54:22+00:00,,,,1280,720,7b9d257ae408bf95891d3cb0e45b876e99245da764efd0abfe06d9bfc39a9c10,data/raw/camara14308/camara14308__20260825T085422Z.jpg,"Ayuntamiento de Madrid open data (informo.madrid.es KML; licence via the datos.madrid.es catalogue, with datos.gob.es as the official national fallback). data/source_resolution.json is the authoritative provenance record: see its verbatim terms-of-use snippets and the source that supplied them."
camara13311__20260825T085422Z,camara13311,,https://informo.madrid.es/cameras/Camara13311.jpg?v=76738,2026-08-25T08:54:22+00:00,,,,1280,720,f006526589df57cae3443df1ce6112b1382a7c2ae94f7390cbc26214689e52ca,data/raw/camara13311/camara13311__20260825T085422Z.jpg,"Ayuntamiento de Madrid open data (informo.madrid.es KML; licence via the datos.madrid.es catalogue, with datos.gob.es as the official national fallback). data/source_resolution.json is the authoritative provenance record: see its verbatim terms-of-use snippets and the source that supplied them."
camara11315__20260825T085422Z,camara11315,,https://informo.madrid.es/cameras/Camara11315.jpg?v=76738,2026-08-25T08:54:22+00:00,,,,1280,720,960c055c58ae4fd20cb35c124d98968842c99dc45f441a938cb4910b11bb93e4,data/raw/camara11315/camara11315__20260825T085422Z.jpg,"Ayuntamiento de Madrid open data (informo.madrid.es KML; licence via the datos.madrid.es catalogue, with datos.gob.es as the official national fallback). data/source_resolution.json is the authoritative provenance record: see its verbatim terms-of-use snippets and the source that supplied them."
camara07306__20260825T085423Z,camara07306,,https://informo.madrid.es/cameras/Camara07306.jpg?v=76738,2026-08-25T08:54:23+00:00,,,,1280,720,52ffc3a9f34ea041488c178b7344953695af51a207f8b0a2a319a8996884a88e,data/raw/camara07306/camara07306__20260825T085423Z.jpg,"Ayuntamiento de Madrid open data (informo.madrid.es KML; licence via the datos.madrid.es catalogue, with datos.gob.es as the official national fallback). data/source_resolution.json is the authoritative provenance record: see its verbatim terms-of-use snippets and the source that supplied them."
camara09321__20260825T085423Z,camara09321,,https://informo.madrid.es/cameras/Camara09321.jpg?v=76738,2026-08-25T08:54:23+00:00,,,,1280,720,0f4235a8becca98af61e5f39192ed09b2a3a1dfc422438dcf6ee0bd0e4c9c78a,data/raw/camara09321/camara09321__20260825T085423Z.jpg,"Ayuntamiento de Madrid open data (informo.madrid.es KML; licence via the datos.madrid.es catalogue, with datos.gob.es as the official national fallback). data/source_resolution.json is the authoritative provenance record: see its verbatim terms-of-use snippets and the source that supplied them."
camara05324__20260825T085923Z,camara05324,,https://informo.madrid.es/cameras/Camara05324.jpg?v=76738,2026-08-25T08:59:23+00:00,,,,1280,720,68360ece3cae65630757ccc21841d209f845edc389ef3a69d5eb5e74d323a09f,data/raw/camara05324/camara05324__20260825T085923Z.jpg,"Ayuntamiento de Madrid open data (informo.madrid.es KML; licence via the datos.madrid.es catalogue, with datos.gob.es as the official national fallback). data/source_resolution.json is the authoritative provenance record: see its verbatim terms-of-use snippets and the source that supplied them."
camara16304__20260825T085923Z,camara16304,,https://informo.madrid.es/cameras/Camara16304.jpg?v=76738,2026-08-25T08:59:23+00:00,,,,1280,720,3724069095660838c2db3c9ce0a8a0ee5b9691c26ceba256df02c42d3aa63ca9,data/raw/camara16304/camara16304__20260825T085923Z.jpg,"Ayuntamiento de Madrid open data (informo.madrid.es KML; licence via the datos.madrid.es catalogue, with datos.gob.es as the official national fallback). data/source_resolution.json is the authoritative provenance record: see its verbatim terms-of-use snippets and the source that supplied them."
camara14302__20260825T085923Z,camara14302,,https://informo.madrid.es/cameras/Camara14302.jpg?v=76738,2026-08-25T08:59:23+00:00,,,,1280,720,5b8ab72e87ffd251701f700d7f46eb82b964f80c4d4e0de4750211f60ba5a4f6,data/raw/camara14302/camara14302__20260825T085923Z.jpg,"Ayuntamiento de Madrid open data (informo.madrid.es KML; licence via the datos.madrid.es catalogue, with datos.gob.es as the official national fallback). data/source_resolution.json is the authoritative provenance record: see its verbatim terms-of-use snippets and the source that supplied them."
camara14308__20260825T085924Z,camara14308,,https://informo.madrid.es/cameras/Camara14308.jpg?v=76738,2026-08-25T08:59:24+00:00,,,,1280,720,3b10057b938996be5185ad8f538e28d9c76340b8c72b74b7b438406904d9a8b4,data/raw/camara14308/camara14308__20260825T085924Z.jpg,"Ayuntamiento de Madrid open data (informo.madrid.es KML; licence via the datos.madrid.es catalogue, with datos.gob.es as the official national fallback). data/source_resolution.json is the authoritative provenance record: see its verbatim terms-of-use snippets and the source that supplied them."
camara13311__20260825T085924Z,camara13311,,https://informo.madrid.es/cameras/Camara13311.jpg?v=76738,2026-08-25T08:59:24+00:00,,,,1280,720,3500e98a8e7adb56381cf200202a1a48925c1ac7c0538a937daa0bfa3294dc3d,data/raw/camara13311/camara13311__20260825T085924Z.jpg,"Ayuntamiento de Madrid open data (informo.madrid.es KML; licence via the datos.madrid.es catalogue, with datos.gob.es as the official national fallback). data/source_resolution.json is the authoritative provenance record: see its verbatim terms-of-use snippets and the source that supplied them."
camara11315__20260825T085924Z,camara11315,,https://informo.madrid.es/cameras/Camara11315.jpg?v=76738,2026-08-25T08:59:24+00:00,,,,1280,720,cb6388681f01467a0e9bb0801fe9233e83cfea3acbe1dd19c3eb714409d74a97,data/raw/camara11315/camara11315__20260825T085924Z.jpg,"Ayuntamiento de Madrid open data (informo.madrid.es KML; licence via the datos.madrid.es catalogue, with datos.gob.es as the official national fallback). data/source_resolution.json is the authoritative provenance record: see its verbatim terms-of-use snippets and the source that supplied them."
camara07306__20260825T085924Z,camara07306,,https://informo.madrid.es/cameras/Camara07306.jpg?v=76738,2026-08-25T08:59:24+00:00,,,,1280,720,f03b9f0302b764c6843f9ee61b2c67ec875fc6b4d4e951eb1eaa6fff3f93a572,data/raw/camara07306/camara07306__20260825T085924Z.jpg,"Ayuntamiento de Madrid open data (informo.madrid.es KML; licence via the datos.madrid.es catalogue, with datos.gob.es as the official national fallback). data/source_resolution.json is the authoritative provenance record: see its verbatim terms-of-use snippets and the source that supplied them."
camara09321__20260825T085925Z,camara09321,,https://informo.madrid.es/cameras/Camara09321.jpg?v=76738,2026-08-25T08:59:25+00:00,,,,1280,720,01e6ed1b54b1bf0126ffc3b4455768c0193236bd260458caac1ebf046f7779dd,data/raw/camara09321/camara09321__20260825T085925Z.jpg,"Ayuntamiento de Madrid open data (informo.madrid.es KML; licence via the datos.madrid.es catalogue, with datos.gob.es as the official national fallback). data/source_resolution.json is the authoritative provenance record: see its verbatim terms-of-use snippets and the source that supplied them."
camara05324__20260825T090425Z,camara05324,,https://informo.madrid.es/cameras/Camara05324.jpg?v=76738,2026-08-25T09:04:25+00:00,,,,1280,720,889605372e543961c1b911e1e38d00fa3c5a525bd6ac6d79ca48aac4e255e38a,data/raw/camara05324/camara05324__20260825T090425Z.jpg,"Ayuntamiento de Madrid open data (informo.madrid.es KML; licence via the datos.madrid.es catalogue, with datos.gob.es as the official national fallback). data/source_resolution.json is the authoritative provenance record: see its verbatim terms-of-use snippets and the source that supplied them."
camara16304__20260825T090425Z,camara16304,,https://informo.madrid.es/cameras/Camara16304.jpg?v=76738,2026-08-25T09:04:25+00:00,,,,1280,720,b918d147024804c27e2a76ed2b4201f3b7b7d9c4ed26f950e2d3920f11f058ff,data/raw/camara16304/camara16304__20260825T090425Z.jpg,"Ayuntamiento de Madrid open data (informo.madrid.es KML; licence via the datos.madrid.es catalogue, with datos.gob.es as the official national fallback). data/source_resolution.json is the authoritative provenance record: see its verbatim terms-of-use snippets and the source that supplied them."
camara14302__20260825T090426Z,camara14302,,https://informo.madrid.es/cameras/Camara14302.jpg?v=76738,2026-08-25T09:04:26+00:00,,,,1280,720,3edab57c3c229f31f06965f8e6fe02a2323a8d70a721da65a1bf6f2ad42442a5,data/raw/camara14302/camara14302__20260825T090426Z.jpg,"Ayuntamiento de Madrid open data (informo.madrid.es KML; licence via the datos.madrid.es catalogue, with datos.gob.es as the official national fallback). data/source_resolution.json is the authoritative provenance record: see its verbatim terms-of-use snippets and the source that supplied them."
camara14308__20260825T090426Z,camara14308,,https://informo.madrid.es/cameras/Camara14308.jpg?v=76738,2026-08-25T09:04:26+00:00,,,,1280,720,c6c452b650455d3f4b076101cea86e863e8ed7fc6bc79f3635939ac7a80f2754,data/raw/camara14308/camara14308__20260825T090426Z.jpg,"Ayuntamiento de Madrid open data (informo.madrid.es KML; licence via the datos.madrid.es catalogue, with datos.gob.es as the official national fallback). data/source_resolution.json is the authoritative provenance record: see its verbatim terms-of-use snippets and the source that supplied them."
camara13311__20260825T090426Z,camara13311,,https://informo.madrid.es/cameras/Camara13311.jpg?v=76738,2026-08-25T09:04:26+00:00,,,,1280,720,2d9a7ea831a1e6a818aadbe9870dd32f5f8cb3838d0b3b0eccb106f2cc9eea0a,data/raw/camara13311/camara13311__20260825T090426Z.jpg,"Ayuntamiento de Madrid open data (informo.madrid.es KML; licence via the datos.madrid.es catalogue, with datos.gob.es as the official national fallback). data/source_resolution.json is the authoritative provenance record: see its verbatim terms-of-use snippets and the source that supplied them."
camara11315__20260825T090427Z,camara11315,,https://informo.madrid.es/cameras/Camara11315.jpg?v=76738,2026-08-25T09:04:27+00:00,,,,1280,720,72043aeeeecb4a854fcb4f2e595fd1178355c28dc0de88466db6df80f07c4f96,data/raw/camara11315/camara11315__20260825T090427Z.jpg,"Ayuntamiento de Madrid open data (informo.madrid.es KML; licence via the datos.madrid.es catalogue, with datos.gob.es as the official national fallback). data/source_resolution.json is the authoritative provenance record: see its verbatim terms-of-use snippets and the source that supplied them."
camara07306__20260825T090427Z,camara07306,,https://informo.madrid.es/cameras/Camara07306.jpg?v=76738,2026-08-25T09:04:27+00:00,,,,1280,720,07b5051e4f6c6dc75cf1fd5dfdb32eb01bcbac63c44281d4d161154c072228ef,data/raw/camara07306/camara07306__20260825T090427Z.jpg,"Ayuntamiento de Madrid open data (informo.madrid.es KML; licence via the datos.madrid.es catalogue, with datos.gob.es as the official national fallback). data/source_resolution.json is the authoritative provenance record: see its verbatim terms-of-use snippets and the source that supplied them."
camara09321__20260825T090427Z,camara09321,,https://informo.madrid.es/cameras/Camara09321.jpg?v=76738,2026-08-25T09:04:27+00:00,,,,1280,720,14a337c37e67f0c6816c0288ce9a2444084b7904db489c6e7141840882e32604,data/raw/camara09321/camara09321__20260825T090427Z.jpg,"Ayuntamiento de Madrid open data (informo.madrid.es KML; licence via the datos.madrid.es catalogue, with datos.gob.es as the official national fallback). data/source_resolution.json is the authoritative provenance record: see its verbatim terms-of-use snippets and the source that supplied them."
camara05324__20260825T091429Z,camara05324,,https://informo.madrid.es/cameras/Camara05324.jpg?v=76738,2026-08-25T09:14:29+00:00,,,,1280,720,be8d0721a6db585bb068b3113e2cb381d574ffff2e0c286f43a1030ebdb5df94,data/raw/camara05324/camara05324__20260825T091429Z.jpg,"Ayuntamiento de Madrid open data (informo.madrid.es KML; licence via the datos.madrid.es catalogue, with datos.gob.es as the official national fallback). data/source_resolution.json is the authoritative provenance record: see its verbatim terms-of-use snippets and the source that supplied them."
camara16304__20260825T091430Z,camara16304,,https://informo.madrid.es/cameras/Camara16304.jpg?v=76738,2026-08-25T09:14:30+00:00,,,,1280,720,1664d7aed78b537bfa3f9b16e41abca8a7084160bdc9680508fe800afaac43d7,data/raw/camara16304/camara16304__20260825T091430Z.jpg,"Ayuntamiento de Madrid open data (informo.madrid.es KML; licence via the datos.madrid.es catalogue, with datos.gob.es as the official national fallback). data/source_resolution.json is the authoritative provenance record: see its verbatim terms-of-use snippets and the source that supplied them."
camara14302__20260825T091430Z,camara14302,,https://informo.madrid.es/cameras/Camara14302.jpg?v=76738,2026-08-25T09:14:30+00:00,,,,1280,720,f08182cca8814b2e8484f5c4a1e49838ae7ce41a209805a30673b87ae5765f20,data/raw/camara14302/camara14302__20260825T091430Z.jpg,"Ayuntamiento de Madrid open data (informo.madrid.es KML; licence via the datos.madrid.es catalogue, with datos.gob.es as the official national fallback). data/source_resolution.json is the authoritative provenance record: see its verbatim terms-of-use snippets and the source that supplied them."
camara14308__20260825T091430Z,camara14308,,https://informo.madrid.es/cameras/Camara14308.jpg?v=76738,2026-08-25T09:14:30+00:00,,,,1280,720,d5c4bd62b527c6a54a30f8fd28051ce96c64db540b5bb0c5a60a946d573b9627,data/raw/camara14308/camara14308__20260825T091430Z.jpg,"Ayuntamiento de Madrid open data (informo.madrid.es KML; licence via the datos.madrid.es catalogue, with datos.gob.es as the official national fallback). data/source_resolution.json is the authoritative provenance record: see its verbatim terms-of-use snippets and the source that supplied them."
camara13311__20260825T091431Z,camara13311,,https://informo.madrid.es/cameras/Camara13311.jpg?v=76738,2026-08-25T09:14:31+00:00,,,,1280,720,8ecb20816b2e029aab89d27b63e297c1a89ef72553416ebaca3b4901b62cf7ac,data/raw/camara13311/camara13311__20260825T091431Z.jpg,"Ayuntamiento de Madrid open data (informo.madrid.es KML; licence via the datos.madrid.es catalogue, with datos.gob.es as the official national fallback). data/source_resolution.json is the authoritative provenance record: see its verbatim terms-of-use snippets and the source that supplied them."
camara11315__20260825T091431Z,camara11315,,https://informo.madrid.es/cameras/Camara11315.jpg?v=76738,2026-08-25T09:14:31+00:00,,,,1280,720,eb0c371a110d776c505fc70dcca81bd95f14756bbf110664565fc9ba702d9a97,data/raw/camara11315/camara11315__20260825T091431Z.jpg,"Ayuntamiento de Madrid open data (informo.madrid.es KML; licence via the datos.madrid.es catalogue, with datos.gob.es as the official national fallback). data/source_resolution.json is the authoritative provenance record: see its verbatim terms-of-use snippets and the source that supplied them."
camara07306__20260825T091431Z,camara07306,,https://informo.madrid.es/cameras/Camara07306.jpg?v=76738,2026-08-25T09:14:31+00:00,,,,1280,720,318d1a5e39e8f2f76b9b36124f5e8b783681e8df394ffac039c8e87074bff52c,data/raw/camara07306/camara07306__20260825T091431Z.jpg,"Ayuntamiento de Madrid open data (informo.madrid.es KML; licence via the datos.madrid.es catalogue, with datos.gob.es as the official national fallback). data/source_resolution.json is the authoritative provenance record: see its verbatim terms-of-use snippets and the source that supplied them."
camara09321__20260825T091431Z,camara09321,,https://informo.madrid.es/cameras/Camara09321.jpg?v=76738,2026-08-25T09:14:31+00:00,,,,1280,720,e7a260396d0a467c8a4665a24aee1b076ca94a11fac2034c562cf83e9c56f457,data/raw/camara09321/camara09321__20260825T091431Z.jpg,"Ayuntamiento de Madrid open data (informo.madrid.es KML; licence via the datos.madrid.es catalogue, with datos.gob.es as the official national fallback). data/source_resolution.json is the authoritative provenance record: see its verbatim terms-of-use snippets and the source that supplied them."
camara05324__20260825T092434Z,camara05324,,https://informo.madrid.es/cameras/Camara05324.jpg?v=76738,2026-08-25T09:24:34+00:00,,,,1280,720,bc33c803a29ebc6ba8422cecb9a01f77a57d82697183b13959c7b06aecbb845e,data/raw/camara05324/camara05324__20260825T092434Z.jpg,"Ayuntamiento de Madrid open data (informo.madrid.es KML; licence via the datos.madrid.es catalogue, with datos.gob.es as the official national fallback). data/source_resolution.json is the authoritative provenance record: see its verbatim terms-of-use snippets and the source that supplied them."
camara16304__20260825T092434Z,camara16304,,https://informo.madrid.es/cameras/Camara16304.jpg?v=76738,2026-08-25T09:24:34+00:00,,,,1280,720,f8e734674404d4185a3cd8ecd64236b95444b46fa71f66a9672c8fba1746cf6b,data/raw/camara16304/camara16304__20260825T092434Z.jpg,"Ayuntamiento de Madrid open data (informo.madrid.es KML; licence via the datos.madrid.es catalogue, with datos.gob.es as the official national fallback). data/source_resolution.json is the authoritative provenance record: see its verbatim terms-of-use snippets and the source that supplied them."
camara14302__20260825T092434Z,camara14302,,https://informo.madrid.es/cameras/Camara14302.jpg?v=76738,2026-08-25T09:24:34+00:00,,,,1280,720,46cb4214f509a87d1c10f1f77aa38a9bc67307c30feda3556c0e7b3ea4881c6c,data/raw/camara14302/camara14302__20260825T092434Z.jpg,"Ayuntamiento de Madrid open data (informo.madrid.es KML; licence via the datos.madrid.es catalogue, with datos.gob.es as the official national fallback). data/source_resolution.json is the authoritative provenance record: see its verbatim terms-of-use snippets and the source that supplied them."
camara14308__20260825T092434Z,camara14308,,https://informo.madrid.es/cameras/Camara14308.jpg?v=76738,2026-08-25T09:24:34+00:00,,,,1280,720,0148b7eeccce391f459c8adfe67eee9d722c042b1562d5177085828588144245,data/raw/camara14308/camara14308__20260825T092434Z.jpg,"Ayuntamiento de Madrid open data (informo.madrid.es KML; licence via the datos.madrid.es catalogue, with datos.gob.es as the official national fallback). data/source_resolution.json is the authoritative provenance record: see its verbatim terms-of-use snippets and the source that supplied them."
camara13311__20260825T092435Z,camara13311,,https://informo.madrid.es/cameras/Camara13311.jpg?v=76738,2026-08-25T09:24:35+00:00,,,,1280,720,b237eb4909c42e3f8b68fddcb36159f55896c7ab08697fbcf5c5a4f98552fbd9,data/raw/camara13311/camara13311__20260825T092435Z.jpg,"Ayuntamiento de Madrid open data (informo.madrid.es KML; licence via the datos.madrid.es catalogue, with datos.gob.es as the official national fallback). data/source_resolution.json is the authoritative provenance record: see its verbatim terms-of-use snippets and the source that supplied them."
camara11315__20260825T092435Z,camara11315,,https://informo.madrid.es/cameras/Camara11315.jpg?v=76738,2026-08-25T09:24:35+00:00,,,,1280,720,ff81c5b39326f93682cea4122e178febc38e325389266e0e572984f886c92dc6,data/raw/camara11315/camara11315__20260825T092435Z.jpg,"Ayuntamiento de Madrid open data (informo.madrid.es KML; licence via the datos.madrid.es catalogue, with datos.gob.es as the official national fallback). data/source_resolution.json is the authoritative provenance record: see its verbatim terms-of-use snippets and the source that supplied them."
camara07306__20260825T092435Z,camara07306,,https://informo.madrid.es/cameras/Camara07306.jpg?v=76738,2026-08-25T09:24:35+00:00,,,,1280,720,7ba7fda903e3485b9f4ec520f37988ae875d3919300fb0aeba7e85e187eb500b,data/raw/camara07306/camara07306__20260825T092435Z.jpg,"Ayuntamiento de Madrid open data (informo.madrid.es KML; licence via the datos.madrid.es catalogue, with datos.gob.es as the official national fallback). data/source_resolution.json is the authoritative provenance record: see its verbatim terms-of-use snippets and the source that supplied them."
camara09321__20260825T092435Z,camara09321,,https://informo.madrid.es/cameras/Camara09321.jpg?v=76738,2026-08-25T09:24:35+00:00,,,,1280,720,b10861e4f95e2e40a5e41e69e8e39e1ec9bbed30525012c78ce54ee007e4b6d8,data/raw/camara09321/camara09321__20260825T092435Z.jpg,"Ayuntamiento de Madrid open data (informo.madrid.es KML; licence via the datos.madrid.es catalogue, with datos.gob.es as the official national fallback). data/source_resolution.json is the authoritative provenance record: see its verbatim terms-of-use snippets and the source that supplied them."
camara05324__20260825T092935Z,camara05324,,https://informo.madrid.es/cameras/Camara05324.jpg?v=76738,2026-08-25T09:29:35+00:00,,,,1280,720,3fc3afdb48cb3a86325877ad49dfd96433e81dec51d9f96856177e285e9615ee,data/raw/camara05324/camara05324__20260825T092935Z.jpg,"Ayuntamiento de Madrid open data (informo.madrid.es KML; licence via the datos.madrid.es catalogue, with datos.gob.es as the official national fallback). data/source_resolution.json is the authoritative provenance record: see its verbatim terms-of-use snippets and the source that supplied them."
camara16304__20260825T092935Z,camara16304,,https://informo.madrid.es/cameras/Camara16304.jpg?v=76738,2026-08-25T09:29:35+00:00,,,,1280,720,dcce68fbe1f3c16895d4d77f9cce50e417b5e8b044dc18ae69b48a0849c4527e,data/raw/camara16304/camara16304__20260825T092935Z.jpg,"Ayuntamiento de Madrid open data (informo.madrid.es KML; licence via the datos.madrid.es catalogue, with datos.gob.es as the official national fallback). data/source_resolution.json is the authoritative provenance record: see its verbatim terms-of-use snippets and the source that supplied them."
camara14302__20260825T092935Z,camara14302,,https://informo.madrid.es/cameras/Camara14302.jpg?v=76738,2026-08-25T09:29:35+00:00,,,,1280,720,4e6d362dbd04245dcc4bf591db9e200c93a917d63388ed541e24202834a1fc0a,data/raw/camara14302/camara14302__20260825T092935Z.jpg,"Ayuntamiento de Madrid open data (informo.madrid.es KML; licence via the datos.madrid.es catalogue, with datos.gob.es as the official national fallback). data/source_resolution.json is the authoritative provenance record: see its verbatim terms-of-use snippets and the source that supplied them."
camara14308__20260825T092936Z,camara14308,,https://informo.madrid.es/cameras/Camara14308.jpg?v=76738,2026-08-25T09:29:36+00:00,,,,1280,720,0e601fc651bf5aebaccc14c610969fe786ff2aa1f2a2d8778840091e1ded9716,data/raw/camara14308/camara14308__20260825T092936Z.jpg,"Ayuntamiento de Madrid open data (informo.madrid.es KML; licence via the datos.madrid.es catalogue, with datos.gob.es as the official national fallback). data/source_resolution.json is the authoritative provenance record: see its verbatim terms-of-use snippets and the source that supplied them."
camara13311__20260825T092936Z,camara13311,,https://informo.madrid.es/cameras/Camara13311.jpg?v=76738,2026-08-25T09:29:36+00:00,,,,1280,720,4eddf8aa0c3f758811172084008ab7d80b10bfe9accfdc075fdb0c459009d5d1,data/raw/camara13311/camara13311__20260825T092936Z.jpg,"Ayuntamiento de Madrid open data (informo.madrid.es KML; licence via the datos.madrid.es catalogue, with datos.gob.es as the official national fallback). data/source_resolution.json is the authoritative provenance record: see its verbatim terms-of-use snippets and the source that supplied them."
camara11315__20260825T092936Z,camara11315,,https://informo.madrid.es/cameras/Camara11315.jpg?v=76738,2026-08-25T09:29:36+00:00,,,,1280,720,469ba2230eceb08cfe03858f709833571e5d7d22f970253b185b37c919efc605,data/raw/camara11315/camara11315__20260825T092936Z.jpg,"Ayuntamiento de Madrid open data (informo.madrid.es KML; licence via the datos.madrid.es catalogue, with datos.gob.es as the official national fallback). data/source_resolution.json is the authoritative provenance record: see its verbatim terms-of-use snippets and the source that supplied them."
camara07306__20260825T092936Z,camara07306,,https://informo.madrid.es/cameras/Camara07306.jpg?v=76738,2026-08-25T09:29:36+00:00,,,,1280,720,3c32016f3ba7a41441b68cab1db2f8f4e14c41302d397cb1f360bb1c1a434be0,data/raw/camara07306/camara07306__20260825T092936Z.jpg,"Ayuntamiento de Madrid open data (informo.madrid.es KML; licence via the datos.madrid.es catalogue, with datos.gob.es as the official national fallback). data/source_resolution.json is the authoritative provenance record: see its verbatim terms-of-use snippets and the source that supplied them."
camara09321__20260825T092936Z,camara09321,,https://informo.madrid.es/cameras/Camara09321.jpg?v=76738,2026-08-25T09:29:36+00:00,,,,1280,720,5fa9eba441ba5b2adc141036ebf373d840bf34ae949195ea066cccb8ae74bc61,data/raw/camara09321/camara09321__20260825T092936Z.jpg,"Ayuntamiento de Madrid open data (informo.madrid.es KML; licence via the datos.madrid.es catalogue, with datos.gob.es as the official national fallback). data/source_resolution.json is the authoritative provenance record: see its verbatim terms-of-use snippets and the source that supplied them."
camara13311__20260825T093437Z,camara13311,,https://informo.madrid.es/cameras/Camara13311.jpg?v=76738,2026-08-25T09:34:37+00:00,,,,1280,720,c57d1787b23f43b78a8ecc2c99601e22e5f4d6cd5b50174ac6d2d78aa7767e8d,data/raw/camara13311/camara13311__20260825T093437Z.jpg,"Ayuntamiento de Madrid open data (informo.madrid.es KML; licence via the datos.madrid.es catalogue, with datos.gob.es as the official national fallback). data/source_resolution.json is the authoritative provenance record: see its verbatim terms-of-use snippets and the source that supplied them."
camara05324__20260825T093938Z,camara05324,,https://informo.madrid.es/cameras/Camara05324.jpg?v=76738,2026-08-25T09:39:38+00:00,,,,1280,720,8d5413e9a4e43e5435853776afbe6debebd2e36e5d0d835c285087b108aa27ad,data/raw/camara05324/camara05324__20260825T093938Z.jpg,"Ayuntamiento de Madrid open data (informo.madrid.es KML; licence via the datos.madrid.es catalogue, with datos.gob.es as the official national fallback). data/source_resolution.json is the authoritative provenance record: see its verbatim terms-of-use snippets and the source that supplied them."
camara16304__20260825T093938Z,camara16304,,https://informo.madrid.es/cameras/Camara16304.jpg?v=76738,2026-08-25T09:39:38+00:00,,,,1280,720,fd7deefcfdc9e32c837c28b35d7a141c0a7ea80176adbc6c0f84ef54d05917d5,data/raw/camara16304/camara16304__20260825T093938Z.jpg,"Ayuntamiento de Madrid open data (informo.madrid.es KML; licence via the datos.madrid.es catalogue, with datos.gob.es as the official national fallback). data/source_resolution.json is the authoritative provenance record: see its verbatim terms-of-use snippets and the source that supplied them."
camara14302__20260825T093938Z,camara14302,,https://informo.madrid.es/cameras/Camara14302.jpg?v=76738,2026-08-25T09:39:38+00:00,,,,1280,720,27db488268cbc4ca0ca98fc5615f43d5a60901b5832130af06acf42c72904045,data/raw/camara14302/camara14302__20260825T093938Z.jpg,"Ayuntamiento de Madrid open data (informo.madrid.es KML; licence via the datos.madrid.es catalogue, with datos.gob.es as the official national fallback). data/source_resolution.json is the authoritative provenance record: see its verbatim terms-of-use snippets and the source that supplied them."
camara14308__20260825T093938Z,camara14308,,https://informo.madrid.es/cameras/Camara14308.jpg?v=76738,2026-08-25T09:39:38+00:00,,,,1280,720,b0279144dc8fc8bd43792858cd1231c8089dba6f254a116956f076d8f431b4a0,data/raw/camara14308/camara14308__20260825T093938Z.jpg,"Ayuntamiento de Madrid open data (informo.madrid.es KML; licence via the datos.madrid.es catalogue, with datos.gob.es as the official national fallback). data/source_resolution.json is the authoritative provenance record: see its verbatim terms-of-use snippets and the source that supplied them."
camara13311__20260825T093938Z,camara13311,,https://informo.madrid.es/cameras/Camara13311.jpg?v=76738,2026-08-25T09:39:38+00:00,,,,1280,720,f10ee1bc3c5a19a8f0dad080aea78f86bc237e45a8bfb3d748ce719d9f9e0ade,data/raw/camara13311/camara13311__20260825T093938Z.jpg,"Ayuntamiento de Madrid open data (informo.madrid.es KML; licence via the datos.madrid.es catalogue, with datos.gob.es as the official national fallback). data/source_resolution.json is the authoritative provenance record: see its verbatim terms-of-use snippets and the source that supplied them."
camara11315__20260825T093939Z,camara11315,,https://informo.madrid.es/cameras/Camara11315.jpg?v=76738,2026-08-25T09:39:39+00:00,,,,1280,720,6028d0fe7f57b80bcb85364e52f3a391feafdba459aac4eafe49a0f09ac8eddf,data/raw/camara11315/camara11315__20260825T093939Z.jpg,"Ayuntamiento de Madrid open data (informo.madrid.es KML; licence via the datos.madrid.es catalogue, with datos.gob.es as the official national fallback). data/source_resolution.json is the authoritative provenance record: see its verbatim terms-of-use snippets and the source that supplied them."
camara07306__20260825T093939Z,camara07306,,https://informo.madrid.es/cameras/Camara07306.jpg?v=76738,2026-08-25T09:39:39+00:00,,,,1280,720,492cde8bb08bf22ebf4f4ec73d7c6cd362459b0365ff580e42dcc81ecf82d8bf,data/raw/camara07306/camara07306__20260825T093939Z.jpg,"Ayuntamiento de Madrid open data (informo.madrid.es KML; licence via the datos.madrid.es catalogue, with datos.gob.es as the official national fallback). data/source_resolution.json is the authoritative provenance record: see its verbatim terms-of-use snippets and the source that supplied them."
camara09321__20260825T093939Z,camara09321,,https://informo.madrid.es/cameras/Camara09321.jpg?v=76738,2026-08-25T09:39:39+00:00,,,,1280,720,dd0b8f8fc5b41a11511fc6ec2e262b28c15fcbe68d6828ab90efb784ed1dcaf1,data/raw/camara09321/camara09321__20260825T093939Z.jpg,"Ayuntamiento de Madrid open data (informo.madrid.es KML; licence via the datos.madrid.es catalogue, with datos.gob.es as the official national fallback). data/source_resolution.json is the authoritative provenance record: see its verbatim terms-of-use snippets and the source that supplied them."
camara05324__20260825T094439Z,camara05324,,https://informo.madrid.es/cameras/Camara05324.jpg?v=76738,2026-08-25T09:44:39+00:00,,,,1280,720,a1ac4ffe8105b995b1321186b397ce708a02cfdf86969c174eaa0025440750a7,data/raw/camara05324/camara05324__20260825T094439Z.jpg,"Ayuntamiento de Madrid open data (informo.madrid.es KML; licence via the datos.madrid.es catalogue, with datos.gob.es as the official national fallback). data/source_resolution.json is the authoritative provenance record: see its verbatim terms-of-use snippets and the source that supplied them."
camara16304__20260825T094440Z,camara16304,,https://informo.madrid.es/cameras/Camara16304.jpg?v=76738,2026-08-25T09:44:40+00:00,,,,1280,720,650ac122ec17a82e5dc78eb4863006e14c0066826d5882efac896036f59ffcfb,data/raw/camara16304/camara16304__20260825T094440Z.jpg,"Ayuntamiento de Madrid open data (informo.madrid.es KML; licence via the datos.madrid.es catalogue, with datos.gob.es as the official national fallback). data/source_resolution.json is the authoritative provenance record: see its verbatim terms-of-use snippets and the source that supplied them."
camara14302__20260825T094440Z,camara14302,,https://informo.madrid.es/cameras/Camara14302.jpg?v=76738,2026-08-25T09:44:40+00:00,,,,1280,720,380c2e99768a2d7772bc003beafb02ba72b038eca69ed54af5dedcc99778b463,data/raw/camara14302/camara14302__20260825T094440Z.jpg,"Ayuntamiento de Madrid open data (informo.madrid.es KML; licence via the datos.madrid.es catalogue, with datos.gob.es as the official national fallback). data/source_resolution.json is the authoritative provenance record: see its verbatim terms-of-use snippets and the source that supplied them."
camara14308__20260825T094440Z,camara14308,,https://informo.madrid.es/cameras/Camara14308.jpg?v=76738,2026-08-25T09:44:40+00:00,,,,1280,720,945a4cecf608ea8fb1d36f70b997049f2aed8d0db1e017e15716f9b5a431aadc,data/raw/camara14308/camara14308__20260825T094440Z.jpg,"Ayuntamiento de Madrid open data (informo.madrid.es KML; licence via the datos.madrid.es catalogue, with datos.gob.es as the official national fallback). data/source_resolution.json is the authoritative provenance record: see its verbatim terms-of-use snippets and the source that supplied them."
camara13311__20260825T094440Z,camara13311,,https://informo.madrid.es/cameras/Camara13311.jpg?v=76738,2026-08-25T09:44:40+00:00,,,,1280,720,4b179e47b18100b9c5d9063a60843b4131b324f62de23e7b453a1f47acd98d75,data/raw/camara13311/camara13311__20260825T094440Z.jpg,"Ayuntamiento de Madrid open data (informo.madrid.es KML; licence via the datos.madrid.es catalogue, with datos.gob.es as the official national fallback). data/source_resolution.json is the authoritative provenance record: see its verbatim terms-of-use snippets and the source that supplied them."
camara11315__20260825T094441Z,camara11315,,https://informo.madrid.es/cameras/Camara11315.jpg?v=76738,2026-08-25T09:44:41+00:00,,,,1280,720,b025b19b9323c1813e65efeffe7a272e418f6dab820c18691125c37bb57abe2f,data/raw/camara11315/camara11315__20260825T094441Z.jpg,"Ayuntamiento de Madrid open data (informo.madrid.es KML; licence via the datos.madrid.es catalogue, with datos.gob.es as the official national fallback). data/source_resolution.json is the authoritative provenance record: see its verbatim terms-of-use snippets and the source that supplied them."
camara07306__20260825T094441Z,camara07306,,https://informo.madrid.es/cameras/Camara07306.jpg?v=76738,2026-08-25T09:44:41+00:00,,,,1280,720,f40e650d3ecfc44982cccb8267dd79cca79f5b7c7de8712d0bc473cd228f1b86,data/raw/camara07306/camara07306__20260825T094441Z.jpg,"Ayuntamiento de Madrid open data (informo.madrid.es KML; licence via the datos.madrid.es catalogue, with datos.gob.es as the official national fallback). data/source_resolution.json is the authoritative provenance record: see its verbatim terms-of-use snippets and the source that supplied them."
camara09321__20260825T094441Z,camara09321,,https://informo.madrid.es/cameras/Camara09321.jpg?v=76738,2026-08-25T09:44:41+00:00,,,,1280,720,51e169c4587b3c2bfcbeac81eef29fee20a1d84f49896383e93b62e20b1888d1,data/raw/camara09321/camara09321__20260825T094441Z.jpg,"Ayuntamiento de Madrid open data (informo.madrid.es KML; licence via the datos.madrid.es catalogue, with datos.gob.es as the official national fallback). data/source_resolution.json is the authoritative provenance record: see its verbatim terms-of-use snippets and the source that supplied them."
camara05324__20260825T095443Z,camara05324,,https://informo.madrid.es/cameras/Camara05324.jpg?v=76738,2026-08-25T09:54:43+00:00,,,,1280,720,8fa1e21babfe01a778c8af778ce3278cb07f532efda30ee9f597439fc9a517ab,data/raw/camara05324/camara05324__20260825T095443Z.jpg,"Ayuntamiento de Madrid open data (informo.madrid.es KML; licence via the datos.madrid.es catalogue, with datos.gob.es as the official national fallback). data/source_resolution.json is the authoritative provenance record: see its verbatim terms-of-use snippets and the source that supplied them."
camara16304__20260825T095443Z,camara16304,,https://informo.madrid.es/cameras/Camara16304.jpg?v=76738,2026-08-25T09:54:43+00:00,,,,1280,720,3a6744fcbe0dc9d60c98e211975c5576171b55cbb950f9f107679e548c476e11,data/raw/camara16304/camara16304__20260825T095443Z.jpg,"Ayuntamiento de Madrid open data (informo.madrid.es KML; licence via the datos.madrid.es catalogue, with datos.gob.es as the official national fallback). data/source_resolution.json is the authoritative provenance record: see its verbatim terms-of-use snippets and the source that supplied them."
camara14302__20260825T095443Z,camara14302,,https://informo.madrid.es/cameras/Camara14302.jpg?v=76738,2026-08-25T09:54:43+00:00,,,,1280,720,f96e4b8059729b3d72b3e40770769fbf58a2caba1cb678a148dc78bbaa5a79a8,data/raw/camara14302/camara14302__20260825T095443Z.jpg,"Ayuntamiento de Madrid open data (informo.madrid.es KML; licence via the datos.madrid.es catalogue, with datos.gob.es as the official national fallback). data/source_resolution.json is the authoritative provenance record: see its verbatim terms-of-use snippets and the source that supplied them."
camara14308__20260825T095443Z,camara14308,,https://informo.madrid.es/cameras/Camara14308.jpg?v=76738,2026-08-25T09:54:43+00:00,,,,1280,720,69a5973231e1d3a72288f0eedce766620e69686276376c2408c960e7c44d91b8,data/raw/camara14308/camara14308__20260825T095443Z.jpg,"Ayuntamiento de Madrid open data (informo.madrid.es KML; licence via the datos.madrid.es catalogue, with datos.gob.es as the official national fallback). data/source_resolution.json is the authoritative provenance record: see its verbatim terms-of-use snippets and the source that supplied them."
camara13311__20260825T095444Z,camara13311,,https://informo.madrid.es/cameras/Camara13311.jpg?v=76738,2026-08-25T09:54:44+00:00,,,,1280,720,a97ea8f18a7cd0fd63c31b975734ce9f4876ced62b78527ce8c42c73b3155d2e,data/raw/camara13311/camara13311__20260825T095444Z.jpg,"Ayuntamiento de Madrid open data (informo.madrid.es KML; licence via the datos.madrid.es catalogue, with datos.gob.es as the official national fallback). data/source_resolution.json is the authoritative provenance record: see its verbatim terms-of-use snippets and the source that supplied them."
camara11315__20260825T095444Z,camara11315,,https://informo.madrid.es/cameras/Camara11315.jpg?v=76738,2026-08-25T09:54:44+00:00,,,,1280,720,9f9205dedb1630b205981a90bc93ad7c4c4c727c6f18caa8430b5b43e9d9d725,data/raw/camara11315/camara11315__20260825T095444Z.jpg,"Ayuntamiento de Madrid open data (informo.madrid.es KML; licence via the datos.madrid.es catalogue, with datos.gob.es as the official national fallback). data/source_resolution.json is the authoritative provenance record: see its verbatim terms-of-use snippets and the source that supplied them."
camara07306__20260825T095444Z,camara07306,,https://informo.madrid.es/cameras/Camara07306.jpg?v=76738,2026-08-25T09:54:44+00:00,,,,1280,720,5e549eb14cd74650d5647c4edfd883516300f843a5999b9361bc4b5b1e8c634e,data/raw/camara07306/camara07306__20260825T095444Z.jpg,"Ayuntamiento de Madrid open data (informo.madrid.es KML; licence via the datos.madrid.es catalogue, with datos.gob.es as the official national fallback). data/source_resolution.json is the authoritative provenance record: see its verbatim terms-of-use snippets and the source that supplied them."
camara09321__20260825T095444Z,camara09321,,https://informo.madrid.es/cameras/Camara09321.jpg?v=76738,2026-08-25T09:54:44+00:00,,,,1280,720,363e97e0e2cae7a5c8268a2d7415f0c352c572ded8d890773200a942e2504039,data/raw/camara09321/camara09321__20260825T095444Z.jpg,"Ayuntamiento de Madrid open data (informo.madrid.es KML; licence via the datos.madrid.es catalogue, with datos.gob.es as the official national fallback). data/source_resolution.json is the authoritative provenance record: see its verbatim terms-of-use snippets and the source that supplied them."
camara05324__20260825T095945Z,camara05324,,https://informo.madrid.es/cameras/Camara05324.jpg?v=76738,2026-08-25T09:59:45+00:00,,,,1280,720,cdedc7882783163fc6e55779a7c3fa064b3487793bff9c07eaac739c3acf68cd,data/raw/camara05324/camara05324__20260825T095945Z.jpg,"Ayuntamiento de Madrid open data (informo.madrid.es KML; licence via the datos.madrid.es catalogue, with datos.gob.es as the official national fallback). data/source_resolution.json is the authoritative provenance record: see its verbatim terms-of-use snippets and the source that supplied them."
camara16304__20260825T095946Z,camara16304,,https://informo.madrid.es/cameras/Camara16304.jpg?v=76738,2026-08-25T09:59:46+00:00,,,,1280,720,7af9c7b2203a17415d8f3a2d6191a914cc81c357c12346e59f509a73932dd71e,data/raw/camara16304/camara16304__20260825T095946Z.jpg,"Ayuntamiento de Madrid open data (informo.madrid.es KML; licence via the datos.madrid.es catalogue, with datos.gob.es as the official national fallback). data/source_resolution.json is the authoritative provenance record: see its verbatim terms-of-use snippets and the source that supplied them."
camara14302__20260825T095946Z,camara14302,,https://informo.madrid.es/cameras/Camara14302.jpg?v=76738,2026-08-25T09:59:46+00:00,,,,1280,720,902e6f56904c61e973c785b99334ab16ac6fd78c158e0a167212b7e2303da95e,data/raw/camara14302/camara14302__20260825T095946Z.jpg,"Ayuntamiento de Madrid open data (informo.madrid.es KML; licence via the datos.madrid.es catalogue, with datos.gob.es as the official national fallback). data/source_resolution.json is the authoritative provenance record: see its verbatim terms-of-use snippets and the source that supplied them."
camara14308__20260825T095946Z,camara14308,,https://informo.madrid.es/cameras/Camara14308.jpg?v=76738,2026-08-25T09:59:46+00:00,,,,1280,720,39b05c3e916892f622067af399021fc86130137e007135e357b44a15fa4468aa,data/raw/camara14308/camara14308__20260825T095946Z.jpg,"Ayuntamiento de Madrid open data (informo.madrid.es KML; licence via the datos.madrid.es catalogue, with datos.gob.es as the official national fallback). data/source_resolution.json is the authoritative provenance record: see its verbatim terms-of-use snippets and the source that supplied them."
camara13311__20260825T095946Z,camara13311,,https://informo.madrid.es/cameras/Camara13311.jpg?v=76738,2026-08-25T09:59:46+00:00,,,,1280,720,78b3e6fcab703b75b3abcb24f22da652beeb4cd5933f8594a23e45006e54036a,data/raw/camara13311/camara13311__20260825T095946Z.jpg,"Ayuntamiento de Madrid open data (informo.madrid.es KML; licence via the datos.madrid.es catalogue, with datos.gob.es as the official national fallback). data/source_resolution.json is the authoritative provenance record: see its verbatim terms-of-use snippets and the source that supplied them."
camara11315__20260825T095946Z,camara11315,,https://informo.madrid.es/cameras/Camara11315.jpg?v=76738,2026-08-25T09:59:46+00:00,,,,1280,720,672b71653a9e0dbcf1f42e3eaca943ed54761637da4385273456ead6940355f7,data/raw/camara11315/camara11315__20260825T095946Z.jpg,"Ayuntamiento de Madrid open data (informo.madrid.es KML; licence via the datos.madrid.es catalogue, with datos.gob.es as the official national fallback). data/source_resolution.json is the authoritative provenance record: see its verbatim terms-of-use snippets and the source that supplied them."
camara07306__20260825T095947Z,camara07306,,https://informo.madrid.es/cameras/Camara07306.jpg?v=76738,2026-08-25T09:59:47+00:00,,,,1280,720,3e7e1aac65efa5903ad980b11a8e7aee7450ebcd2acee155674745d4dafac4f7,data/raw/camara07306/camara07306__20260825T095947Z.jpg,"Ayuntamiento de Madrid open data (informo.madrid.es KML; licence via the datos.madrid.es catalogue, with datos.gob.es as the official national fallback). data/source_resolution.json is the authoritative provenance record: see its verbatim terms-of-use snippets and the source that supplied them."
camara09321__20260825T095947Z,camara09321,,https://informo.madrid.es/cameras/Camara09321.jpg?v=76738,2026-08-25T09:59:47+00:00,,,,1280,720,ff4d8e2928ae30690ad3e4416dd2091ec1b1ad36ad19a2cdc97d44e1f4925f33,data/raw/camara09321/camara09321__20260825T095947Z.jpg,"Ayuntamiento de Madrid open data (informo.madrid.es KML; licence via the datos.madrid.es catalogue, with datos.gob.es as the official national fallback). data/source_resolution.json is the authoritative provenance record: see its verbatim terms-of-use snippets and the source that supplied them."
camara05324__20260825T100447Z,camara05324,,https://informo.madrid.es/cameras/Camara05324.jpg?v=76738,2026-08-25T10:04:47+00:00,,,,1280,720,6532584ad5f4c06b3f92631cde24b60f7b7a15c309037b115099bfee38ebc4bc,data/raw/camara05324/camara05324__20260825T100447Z.jpg,"Ayuntamiento de Madrid open data (informo.madrid.es KML; licence via the datos.madrid.es catalogue, with datos.gob.es as the official national fallback). data/source_resolution.json is the authoritative provenance record: see its verbatim terms-of-use snippets and the source that supplied them."
camara16304__20260825T100447Z,camara16304,,https://informo.madrid.es/cameras/Camara16304.jpg?v=76738,2026-08-25T10:04:47+00:00,,,,1280,720,1d97573c51c4215066b56489f29c2a6db8e54e37c4cc7eb0e836ebae508ed541,data/raw/camara16304/camara16304__20260825T100447Z.jpg,"Ayuntamiento de Madrid open data (informo.madrid.es KML; licence via the datos.madrid.es catalogue, with datos.gob.es as the official national fallback). data/source_resolution.json is the authoritative provenance record: see its verbatim terms-of-use snippets and the source that supplied them."
camara14302__20260825T100448Z,camara14302,,https://informo.madrid.es/cameras/Camara14302.jpg?v=76738,2026-08-25T10:04:48+00:00,,,,1280,720,02dbebeef2692d68ae84b7ba86689e479ca4bd72dc233cf918d83306a47d9d25,data/raw/camara14302/camara14302__20260825T100448Z.jpg,"Ayuntamiento de Madrid open data (informo.madrid.es KML; licence via the datos.madrid.es catalogue, with datos.gob.es as the official national fallback). data/source_resolution.json is the authoritative provenance record: see its verbatim terms-of-use snippets and the source that supplied them."
camara14308__20260825T100448Z,camara14308,,https://informo.madrid.es/cameras/Camara14308.jpg?v=76738,2026-08-25T10:04:48+00:00,,,,1280,720,31402c8fa9fa8882880df2fe3f8935057e3a9ea98db4ab2fef4fed5716aeb596,data/raw/camara14308/camara14308__20260825T100448Z.jpg,"Ayuntamiento de Madrid open data (informo.madrid.es KML; licence via the datos.madrid.es catalogue, with datos.gob.es as the official national fallback). data/source_resolution.json is the authoritative provenance record: see its verbatim terms-of-use snippets and the source that supplied them."
camara13311__20260825T100448Z,camara13311,,https://informo.madrid.es/cameras/Camara13311.jpg?v=76738,2026-08-25T10:04:48+00:00,,,,1280,720,4981d3462686f0bd216e57652a70e972f9826fd9edb0c62069b0fcfa6694aa7f,data/raw/camara13311/camara13311__20260825T100448Z.jpg,"Ayuntamiento de Madrid open data (informo.madrid.es KML; licence via the datos.madrid.es catalogue, with datos.gob.es as the official national fallback). data/source_resolution.json is the authoritative provenance record: see its verbatim terms-of-use snippets and the source that supplied them."
camara11315__20260825T100448Z,camara11315,,https://informo.madrid.es/cameras/Camara11315.jpg?v=76738,2026-08-25T10:04:48+00:00,,,,1280,720,6037241b60344d0b4afcac48b17641a01a0d826478fbad06652d34541e4b6664,data/raw/camara11315/camara11315__20260825T100448Z.jpg,"Ayuntamiento de Madrid open data (informo.madrid.es KML; licence via the datos.madrid.es catalogue, with datos.gob.es as the official national fallback). data/source_resolution.json is the authoritative provenance record: see its verbatim terms-of-use snippets and the source that supplied them."
camara07306__20260825T100449Z,camara07306,,https://informo.madrid.es/cameras/Camara07306.jpg?v=76738,2026-08-25T10:04:49+00:00,,,,1280,720,de46557e6a84b3d8cff2ce92d8acb71e041d9f8db9b6b469e2095ae651b3827b,data/raw/camara07306/camara07306__20260825T100449Z.jpg,"Ayuntamiento de Madrid open data (informo.madrid.es KML; licence via the datos.madrid.es catalogue, with datos.gob.es as the official national fallback). data/source_resolution.json is the authoritative provenance record: see its verbatim terms-of-use snippets and the source that supplied them."
camara09321__20260825T100449Z,camara09321,,https://informo.madrid.es/cameras/Camara09321.jpg?v=76738,2026-08-25T10:04:49+00:00,,,,1280,720,7cdc8100afbe2100e86c2ea9d89dbaaa72742523a7b84659caeef39d0a8d411c,data/raw/camara09321/camara09321__20260825T100449Z.jpg,"Ayuntamiento de Madrid open data (informo.madrid.es KML; licence via the datos.madrid.es catalogue, with datos.gob.es as the official national fallback). data/source_resolution.json is the authoritative provenance record: see its verbatim terms-of-use snippets and the source that supplied them."
camara05324__20260825T101451Z,camara05324,,https://informo.madrid.es/cameras/Camara05324.jpg?v=76738,2026-08-25T10:14:51+00:00,,,,1280,720,8b34fc3562b24b0132aa85020f8f9ac879176706a185190a404b044e44bb69cb,data/raw/camara05324/camara05324__20260825T101451Z.jpg,"Ayuntamiento de Madrid open data (informo.madrid.es KML; licence via the datos.madrid.es catalogue, with datos.gob.es as the official national fallback). data/source_resolution.json is the authoritative provenance record: see its verbatim terms-of-use snippets and the source that supplied them."
camara16304__20260825T101451Z,camara16304,,https://informo.madrid.es/cameras/Camara16304.jpg?v=76738,2026-08-25T10:14:51+00:00,,,,1280,720,9a7227543a102ea76629b0c4258d527c8ad86da44750783b93ba04bd8b2d3722,data/raw/camara16304/camara16304__20260825T101451Z.jpg,"Ayuntamiento de Madrid open data (informo.madrid.es KML; licence via the datos.madrid.es catalogue, with datos.gob.es as the official national fallback). data/source_resolution.json is the authoritative provenance record: see its verbatim terms-of-use snippets and the source that supplied them."
camara14302__20260825T101451Z,camara14302,,https://informo.madrid.es/cameras/Camara14302.jpg?v=76738,2026-08-25T10:14:51+00:00,,,,1280,720,792ca3ab214e7f45140bdca0625c5f04ff107db6cba9f9bf7e427bbab76d29a5,data/raw/camara14302/camara14302__20260825T101451Z.jpg,"Ayuntamiento de Madrid open data (informo.madrid.es KML; licence via the datos.madrid.es catalogue, with datos.gob.es as the official national fallback). data/source_resolution.json is the authoritative provenance record: see its verbatim terms-of-use snippets and the source that supplied them."
camara14308__20260825T101452Z,camara14308,,https://informo.madrid.es/cameras/Camara14308.jpg?v=76738,2026-08-25T10:14:52+00:00,,,,1280,720,6789b8c5c98561f0fdc3388629279737bd61adc425f7c35452b29783e45b8e10,data/raw/camara14308/camara14308__20260825T101452Z.jpg,"Ayuntamiento de Madrid open data (informo.madrid.es KML; licence via the datos.madrid.es catalogue, with datos.gob.es as the official national fallback). data/source_resolution.json is the authoritative provenance record: see its verbatim terms-of-use snippets and the source that supplied them."
camara13311__20260825T101452Z,camara13311,,https://informo.madrid.es/cameras/Camara13311.jpg?v=76738,2026-08-25T10:14:52+00:00,,,,1280,720,c79a0481cfdd64ff03be3c4e2d27568857b6c41944ddcfa71098bddd13bfbf12,data/raw/camara13311/camara13311__20260825T101452Z.jpg,"Ayuntamiento de Madrid open data (informo.madrid.es KML; licence via the datos.madrid.es catalogue, with datos.gob.es as the official national fallback). data/source_resolution.json is the authoritative provenance record: see its verbatim terms-of-use snippets and the source that supplied them."
camara11315__20260825T101452Z,camara11315,,https://informo.madrid.es/cameras/Camara11315.jpg?v=76738,2026-08-25T10:14:52+00:00,,,,1280,720,7a38676cb1e3d9cfabf563ddb4db10fe6117b37c88c1df760644c6fa9ad1c60d,data/raw/camara11315/camara11315__20260825T101452Z.jpg,"Ayuntamiento de Madrid open data (informo.madrid.es KML; licence via the datos.madrid.es catalogue, with datos.gob.es as the official national fallback). data/source_resolution.json is the authoritative provenance record: see its verbatim terms-of-use snippets and the source that supplied them."
camara07306__20260825T101452Z,camara07306,,https://informo.madrid.es/cameras/Camara07306.jpg?v=76738,2026-08-25T10:14:52+00:00,,,,1280,720,b51720e7aba2ddf57363c289f9c51a19d81d83820d0937f71ad7d289b8125ba4,data/raw/camara07306/camara07306__20260825T101452Z.jpg,"Ayuntamiento de Madrid open data (informo.madrid.es KML; licence via the datos.madrid.es catalogue, with datos.gob.es as the official national fallback). data/source_resolution.json is the authoritative provenance record: see its verbatim terms-of-use snippets and the source that supplied them."
camara09321__20260825T101452Z,camara09321,,https://informo.madrid.es/cameras/Camara09321.jpg?v=76738,2026-08-25T10:14:52+00:00,,,,1280,720,093a75b7837aae5ed96ab177ca75a7e4a8cc7e96bdfb594162b2a6e57534fc26,data/raw/camara09321/camara09321__20260825T101452Z.jpg,"Ayuntamiento de Madrid open data (informo.madrid.es KML; licence via the datos.madrid.es catalogue, with datos.gob.es as the official national fallback). data/source_resolution.json is the authoritative provenance record: see its verbatim terms-of-use snippets and the source that supplied them."
camara07306__20260825T101954Z,camara07306,,https://informo.madrid.es/cameras/Camara07306.jpg?v=76738,2026-08-25T10:19:54+00:00,,,,1280,720,54687f133bdebe2d3ad9d972d744ace6ae545dd0d1a47f497b280b589d9ec07a,data/raw/camara07306/camara07306__20260825T101954Z.jpg,"Ayuntamiento de Madrid open data (informo.madrid.es KML; licence via the datos.madrid.es catalogue, with datos.gob.es as the official national fallback). data/source_resolution.json is the authoritative provenance record: see its verbatim terms-of-use snippets and the source that supplied them."
camara05324__20260825T105509Z,camara05324,,https://informo.madrid.es/cameras/Camara05324.jpg?v=76738,2026-08-25T10:55:09+00:00,,,,1280,720,9e580733f44179326987088de965e2189fa2d040a47f3c542a388746e564444b,data/raw/camara05324/camara05324__20260825T105509Z.jpg,"Ayuntamiento de Madrid open data (informo.madrid.es KML; licence via the datos.madrid.es catalogue, with datos.gob.es as the official national fallback). data/source_resolution.json is the authoritative provenance record: see its verbatim terms-of-use snippets and the source that supplied them."
camara16304__20260825T105509Z,camara16304,,https://informo.madrid.es/cameras/Camara16304.jpg?v=76738,2026-08-25T10:55:09+00:00,,,,1280,720,ae0c8cb65d8317d5e81b126a363d867af1819f6556493b8718bf1564b5488e60,data/raw/camara16304/camara16304__20260825T105509Z.jpg,"Ayuntamiento de Madrid open data (informo.madrid.es KML; licence via the datos.madrid.es catalogue, with datos.gob.es as the official national fallback). data/source_resolution.json is the authoritative provenance record: see its verbatim terms-of-use snippets and the source that supplied them."
camara14302__20260825T105509Z,camara14302,,https://informo.madrid.es/cameras/Camara14302.jpg?v=76738,2026-08-25T10:55:09+00:00,,,,1280,720,00b3f191cbd2cf3791cef02cef7135fbb6d7764c95b23fc65f3afabd857a16c4,data/raw/camara14302/camara14302__20260825T105509Z.jpg,"Ayuntamiento de Madrid open data (informo.madrid.es KML; licence via the datos.madrid.es catalogue, with datos.gob.es as the official national fallback). data/source_resolution.json is the authoritative provenance record: see its verbatim terms-of-use snippets and the source that supplied them."
camara14308__20260825T105510Z,camara14308,,https://informo.madrid.es/cameras/Camara14308.jpg?v=76738,2026-08-25T10:55:10+00:00,,,,1280,720,cf3d655de458cb82fe3a10458fe9cb8670b697a27cea546cfb56ed3237a3e290,data/raw/camara14308/camara14308__20260825T105510Z.jpg,"Ayuntamiento de Madrid open data (informo.madrid.es KML; licence via the datos.madrid.es catalogue, with datos.gob.es as the official national fallback). data/source_resolution.json is the authoritative provenance record: see its verbatim terms-of-use snippets and the source that supplied them."
camara13311__20260825T105510Z,camara13311,,https://informo.madrid.es/cameras/Camara13311.jpg?v=76738,2026-08-25T10:55:10+00:00,,,,1280,720,14d964541d94f5772220aa23529dfbca506330870b9510125f9d4424b2dfded7,data/raw/camara13311/camara13311__20260825T105510Z.jpg,"Ayuntamiento de Madrid open data (informo.madrid.es KML; licence via the datos.madrid.es catalogue, with datos.gob.es as the official national fallback). data/source_resolution.json is the authoritative provenance record: see its verbatim terms-of-use snippets and the source that supplied them."
camara11315__20260825T105510Z,camara11315,,https://informo.madrid.es/cameras/Camara11315.jpg?v=76738,2026-08-25T10:55:10+00:00,,,,1280,720,e128233841646fb78aa0cc53b2101e51f2b3eed53b75f4b2cdf0c0d4c4b3ac9e,data/raw/camara11315/camara11315__20260825T105510Z.jpg,"Ayuntamiento de Madrid open data (informo.madrid.es KML; licence via the datos.madrid.es catalogue, with datos.gob.es as the official national fallback). data/source_resolution.json is the authoritative provenance record: see its verbatim terms-of-use snippets and the source that supplied them."
camara07306__20260825T105510Z,camara07306,,https://informo.madrid.es/cameras/Camara07306.jpg?v=76738,2026-08-25T10:55:10+00:00,,,,1280,720,68e5d7edc0fbf7c4182552beedeaad84dc47f1791983c44d875339f4cfbdcbfc,data/raw/camara07306/camara07306__20260825T105510Z.jpg,"Ayuntamiento de Madrid open data (informo.madrid.es KML; licence via the datos.madrid.es catalogue, with datos.gob.es as the official national fallback). data/source_resolution.json is the authoritative provenance record: see its verbatim terms-of-use snippets and the source that supplied them."
camara09321__20260825T105511Z,camara09321,,https://informo.madrid.es/cameras/Camara09321.jpg?v=76738,2026-08-25T10:55:11+00:00,,,,1280,720,b08f0601c91ae7cc9b974387ea6df46a99dd3615c9bd1c61fe0d2699ca9eee5c,data/raw/camara09321/camara09321__20260825T105511Z.jpg,"Ayuntamiento de Madrid open data (informo.madrid.es KML; licence via the datos.madrid.es catalogue, with datos.gob.es as the official national fallback). data/source_resolution.json is the authoritative provenance record: see its verbatim terms-of-use snippets and the source that supplied them."
camara05324__20260825T110011Z,camara05324,,https://informo.madrid.es/cameras/Camara05324.jpg?v=76738,2026-08-25T11:00:11+00:00,,,,1280,720,fafa20f84cc64338b76b14cad376cf9ed10b4ec79354ec96d4f238a2e784c8f7,data/raw/camara05324/camara05324__20260825T110011Z.jpg,"Ayuntamiento de Madrid open data (informo.madrid.es KML; licence via the datos.madrid.es catalogue, with datos.gob.es as the official national fallback). data/source_resolution.json is the authoritative provenance record: see its verbatim terms-of-use snippets and the source that supplied them."
camara16304__20260825T110011Z,camara16304,,https://informo.madrid.es/cameras/Camara16304.jpg?v=76738,2026-08-25T11:00:11+00:00,,,,1280,720,13b83367695ec5632b365dd8a519c6c2c1faf962719b89febea6864fcc6d138e,data/raw/camara16304/camara16304__20260825T110011Z.jpg,"Ayuntamiento de Madrid open data (informo.madrid.es KML; licence via the datos.madrid.es catalogue, with datos.gob.es as the official national fallback). data/source_resolution.json is the authoritative provenance record: see its verbatim terms-of-use snippets and the source that supplied them."
camara14302__20260825T110011Z,camara14302,,https://informo.madrid.es/cameras/Camara14302.jpg?v=76738,2026-08-25T11:00:11+00:00,,,,1280,720,c3e6f0af56bcf31e7966689b000cfc4826e5d8f1706840e085c91a0732f1350b,data/raw/camara14302/camara14302__20260825T110011Z.jpg,"Ayuntamiento de Madrid open data (informo.madrid.es KML; licence via the datos.madrid.es catalogue, with datos.gob.es as the official national fallback). data/source_resolution.json is the authoritative provenance record: see its verbatim terms-of-use snippets and the source that supplied them."
camara14308__20260825T110011Z,camara14308,,https://informo.madrid.es/cameras/Camara14308.jpg?v=76738,2026-08-25T11:00:11+00:00,,,,1280,720,6b821ee1de729dc5cd867fff9fd1900e23df14b959ddde72fe4a7f6fa0be846e,data/raw/camara14308/camara14308__20260825T110011Z.jpg,"Ayuntamiento de Madrid open data (informo.madrid.es KML; licence via the datos.madrid.es catalogue, with datos.gob.es as the official national fallback). data/source_resolution.json is the authoritative provenance record: see its verbatim terms-of-use snippets and the source that supplied them."
camara13311__20260825T110012Z,camara13311,,https://informo.madrid.es/cameras/Camara13311.jpg?v=76738,2026-08-25T11:00:12+00:00,,,,1280,720,3ee9583f1dd97bfb60822b742f2c0741b7687faaa0cb532c892b83fa87ca4c1f,data/raw/camara13311/camara13311__20260825T110012Z.jpg,"Ayuntamiento de Madrid open data (informo.madrid.es KML; licence via the datos.madrid.es catalogue, with datos.gob.es as the official national fallback). data/source_resolution.json is the authoritative provenance record: see its verbatim terms-of-use snippets and the source that supplied them."
camara11315__20260825T110012Z,camara11315,,https://informo.madrid.es/cameras/Camara11315.jpg?v=76738,2026-08-25T11:00:12+00:00,,,,1280,720,fe98fbb302c63ed33bd27c52eb54807a19cfec2dbd6689dd497b1c96b935f749,data/raw/camara11315/camara11315__20260825T110012Z.jpg,"Ayuntamiento de Madrid open data (informo.madrid.es KML; licence via the datos.madrid.es catalogue, with datos.gob.es as the official national fallback). data/source_resolution.json is the authoritative provenance record: see its verbatim terms-of-use snippets and the source that supplied them."
camara07306__20260825T110012Z,camara07306,,https://informo.madrid.es/cameras/Camara07306.jpg?v=76738,2026-08-25T11:00:12+00:00,,,,1280,720,00b569600e7ab68b2634645792a8f070cc63b2c1aacf57cbab9d19cbf2badf46,data/raw/camara07306/camara07306__20260825T110012Z.jpg,"Ayuntamiento de Madrid open data (informo.madrid.es KML; licence via the datos.madrid.es catalogue, with datos.gob.es as the official national fallback). data/source_resolution.json is the authoritative provenance record: see its verbatim terms-of-use snippets and the source that supplied them."
camara09321__20260825T110012Z,camara09321,,https://informo.madrid.es/cameras/Camara09321.jpg?v=76738,2026-08-25T11:00:12+00:00,,,,1280,720,09ec55a70cda625e0d81deb6ababf1047b079133f826c871eba4d3daf3681249,data/raw/camara09321/camara09321__20260825T110012Z.jpg,"Ayuntamiento de Madrid open data (informo.madrid.es KML; licence via the datos.madrid.es catalogue, with datos.gob.es as the official national fallback). data/source_resolution.json is the authoritative provenance record: see its verbatim terms-of-use snippets and the source that supplied them."
camara05324__20260825T110512Z,camara05324,,https://informo.madrid.es/cameras/Camara05324.jpg?v=76738,2026-08-25T11:05:12+00:00,,,,1280,720,3debf5d4b4c8f5faf808c82735b30561b7171d4ea4931a34c91d42649769e8b5,data/raw/camara05324/camara05324__20260825T110512Z.jpg,"Ayuntamiento de Madrid open data (informo.madrid.es KML; licence via the datos.madrid.es catalogue, with datos.gob.es as the official national fallback). data/source_resolution.json is the authoritative provenance record: see its verbatim terms-of-use snippets and the source that supplied them."
camara16304__20260825T110513Z,camara16304,,https://informo.madrid.es/cameras/Camara16304.jpg?v=76738,2026-08-25T11:05:13+00:00,,,,1280,720,dca4c44fb9c98f45ed16220393f00da24584b89d7bc0bdfa5e2513f3aec1d740,data/raw/camara16304/camara16304__20260825T110513Z.jpg,"Ayuntamiento de Madrid open data (informo.madrid.es KML; licence via the datos.madrid.es catalogue, with datos.gob.es as the official national fallback). data/source_resolution.json is the authoritative provenance record: see its verbatim terms-of-use snippets and the source that supplied them."
camara14302__20260825T110513Z,camara14302,,https://informo.madrid.es/cameras/Camara14302.jpg?v=76738,2026-08-25T11:05:13+00:00,,,,1280,720,bf848060a1dff874027684592829c9cd52a6bc96ccb2da9c5e8b960c9309afc5,data/raw/camara14302/camara14302__20260825T110513Z.jpg,"Ayuntamiento de Madrid open data (informo.madrid.es KML; licence via the datos.madrid.es catalogue, with datos.gob.es as the official national fallback). data/source_resolution.json is the authoritative provenance record: see its verbatim terms-of-use snippets and the source that supplied them."
camara14308__20260825T110513Z,camara14308,,https://informo.madrid.es/cameras/Camara14308.jpg?v=76738,2026-08-25T11:05:13+00:00,,,,1280,720,5bb53be71b6250079565ff6fd16c7b1ad3b5d598dfd26a9076298dcfd291bd50,data/raw/camara14308/camara14308__20260825T110513Z.jpg,"Ayuntamiento de Madrid open data (informo.madrid.es KML; licence via the datos.madrid.es catalogue, with datos.gob.es as the official national fallback). data/source_resolution.json is the authoritative provenance record: see its verbatim terms-of-use snippets and the source that supplied them."
camara13311__20260825T110513Z,camara13311,,https://informo.madrid.es/cameras/Camara13311.jpg?v=76738,2026-08-25T11:05:13+00:00,,,,1280,720,64bc010290fcff5c0396235eb258b1db10f072e0ce554c5f4a873ece45f358cb,data/raw/camara13311/camara13311__20260825T110513Z.jpg,"Ayuntamiento de Madrid open data (informo.madrid.es KML; licence via the datos.madrid.es catalogue, with datos.gob.es as the official national fallback). data/source_resolution.json is the authoritative provenance record: see its verbatim terms-of-use snippets and the source that supplied them."
camara11315__20260825T110513Z,camara11315,,https://informo.madrid.es/cameras/Camara11315.jpg?v=76738,2026-08-25T11:05:13+00:00,,,,1280,720,f4c906d5c67cc30a3a97603bbd40f0b0e9183620663ab3a2d3fa081ef0f18bad,data/raw/camara11315/camara11315__20260825T110513Z.jpg,"Ayuntamiento de Madrid open data (informo.madrid.es KML; licence via the datos.madrid.es catalogue, with datos.gob.es as the official national fallback). data/source_resolution.json is the authoritative provenance record: see its verbatim terms-of-use snippets and the source that supplied them."
camara07306__20260825T110513Z,camara07306,,https://informo.madrid.es/cameras/Camara07306.jpg?v=76738,2026-08-25T11:05:13+00:00,,,,1280,720,093f3ff9adf5e2ef3f6bc5f9eac0d720ba37c80e7915641b6b964571d67aa1e1,data/raw/camara07306/camara07306__20260825T110513Z.jpg,"Ayuntamiento de Madrid open data (informo.madrid.es KML; licence via the datos.madrid.es catalogue, with datos.gob.es as the official national fallback). data/source_resolution.json is the authoritative provenance record: see its verbatim terms-of-use snippets and the source that supplied them."
camara09321__20260825T110513Z,camara09321,,https://informo.madrid.es/cameras/Camara09321.jpg?v=76738,2026-08-25T11:05:13+00:00,,,,1280,720,8e6725302791f4a839b217a35212a68be759241ce877d528dfb334443ef4cf15,data/raw/camara09321/camara09321__20260825T110513Z.jpg,"Ayuntamiento de Madrid open data (informo.madrid.es KML; licence via the datos.madrid.es catalogue, with datos.gob.es as the official national fallback). data/source_resolution.json is the authoritative provenance record: see its verbatim terms-of-use snippets and the source that supplied them."
camara07306__20260825T111015Z,camara07306,,https://informo.madrid.es/cameras/Camara07306.jpg?v=76738,2026-08-25T11:10:15+00:00,,,,1280,720,c8779859785840ee032e0ccf00f9b0905e94448a6b6571aa77c9b582722fc063,data/raw/camara07306/camara07306__20260825T111015Z.jpg,"Ayuntamiento de Madrid open data (informo.madrid.es KML; licence via the datos.madrid.es catalogue, with datos.gob.es as the official national fallback). data/source_resolution.json is the authoritative provenance record: see its verbatim terms-of-use snippets and the source that supplied them."
camara05324__20260825T111516Z,camara05324,,https://informo.madrid.es/cameras/Camara05324.jpg?v=76738,2026-08-25T11:15:16+00:00,,,,1280,720,a056d0b64b7d23f2cca26f3cdf60c13d3253399d95d645b5dabb49d6f19424ce,data/raw/camara05324/camara05324__20260825T111516Z.jpg,"Ayuntamiento de Madrid open data (informo.madrid.es KML; licence via the datos.madrid.es catalogue, with datos.gob.es as the official national fallback). data/source_resolution.json is the authoritative provenance record: see its verbatim terms-of-use snippets and the source that supplied them."
camara16304__20260825T111516Z,camara16304,,https://informo.madrid.es/cameras/Camara16304.jpg?v=76738,2026-08-25T11:15:16+00:00,,,,1280,720,27cc871a6fd7129e48c019ea9fea2586e7d9e1ff79921aa95beac603cb98d385,data/raw/camara16304/camara16304__20260825T111516Z.jpg,"Ayuntamiento de Madrid open data (informo.madrid.es KML; licence via the datos.madrid.es catalogue, with datos.gob.es as the official national fallback). data/source_resolution.json is the authoritative provenance record: see its verbatim terms-of-use snippets and the source that supplied them."
camara14302__20260825T111517Z,camara14302,,https://informo.madrid.es/cameras/Camara14302.jpg?v=76738,2026-08-25T11:15:17+00:00,,,,1280,720,abb39a0e837425b196d93d278c67921ebe67884463377f16db8ff0f4410066d8,data/raw/camara14302/camara14302__20260825T111517Z.jpg,"Ayuntamiento de Madrid open data (informo.madrid.es KML; licence via the datos.madrid.es catalogue, with datos.gob.es as the official national fallback). data/source_resolution.json is the authoritative provenance record: see its verbatim terms-of-use snippets and the source that supplied them."
camara14308__20260825T111517Z,camara14308,,https://informo.madrid.es/cameras/Camara14308.jpg?v=76738,2026-08-25T11:15:17+00:00,,,,1280,720,0bcd568e4282177f447f1072c42b3fa17198ab02d753cc3f38ee47c24ece9f2e,data/raw/camara14308/camara14308__20260825T111517Z.jpg,"Ayuntamiento de Madrid open data (informo.madrid.es KML; licence via the datos.madrid.es catalogue, with datos.gob.es as the official national fallback). data/source_resolution.json is the authoritative provenance record: see its verbatim terms-of-use snippets and the source that supplied them."
camara13311__20260825T111518Z,camara13311,,https://informo.madrid.es/cameras/Camara13311.jpg?v=76738,2026-08-25T11:15:18+00:00,,,,1280,720,6002484951f40263c9b14e40f991b9b44b67a8c91059329119513a6fae5a3286,data/raw/camara13311/camara13311__20260825T111518Z.jpg,"Ayuntamiento de Madrid open data (informo.madrid.es KML; licence via the datos.madrid.es catalogue, with datos.gob.es as the official national fallback). data/source_resolution.json is the authoritative provenance record: see its verbatim terms-of-use snippets and the source that supplied them."
camara11315__20260825T111519Z,camara11315,,https://informo.madrid.es/cameras/Camara11315.jpg?v=76738,2026-08-25T11:15:19+00:00,,,,1280,720,d945ec02d42f3853f471792dda2156cc11b748e4004b6e6e24d4cb42c36fc08e,data/raw/camara11315/camara11315__20260825T111519Z.jpg,"Ayuntamiento de Madrid open data (informo.madrid.es KML; licence via the datos.madrid.es catalogue, with datos.gob.es as the official national fallback). data/source_resolution.json is the authoritative provenance record: see its verbatim terms-of-use snippets and the source that supplied them."
camara07306__20260825T111519Z,camara07306,,https://informo.madrid.es/cameras/Camara07306.jpg?v=76738,2026-08-25T11:15:19+00:00,,,,1280,720,c2d230e6b722fe8c8df12862a58372f4bcfd6b16528633d13383d42375cd6196,data/raw/camara07306/camara07306__20260825T111519Z.jpg,"Ayuntamiento de Madrid open data (informo.madrid.es KML; licence via the datos.madrid.es catalogue, with datos.gob.es as the official national fallback). data/source_resolution.json is the authoritative provenance record: see its verbatim terms-of-use snippets and the source that supplied them."
camara09321__20260825T111519Z,camara09321,,https://informo.madrid.es/cameras/Camara09321.jpg?v=76738,2026-08-25T11:15:19+00:00,,,,1280,720,58c056080edeb5cc3f15f2d0e8086735057025da97027d0f2357f6260c90d500,data/raw/camara09321/camara09321__20260825T111519Z.jpg,"Ayuntamiento de Madrid open data (informo.madrid.es KML; licence via the datos.madrid.es catalogue, with datos.gob.es as the official national fallback). data/source_resolution.json is the authoritative provenance record: see its verbatim terms-of-use snippets and the source that supplied them."
camara16304__20260825T112020Z,camara16304,,https://informo.madrid.es/cameras/Camara16304.jpg?v=76738,2026-08-25T11:20:20+00:00,,,,1280,720,e8a49c022e1f311ebe57e48758a37a09e80d8ed383568007b93546e29bfb74ef,data/raw/camara16304/camara16304__20260825T112020Z.jpg,"Ayuntamiento de Madrid open data (informo.madrid.es KML; licence via the datos.madrid.es catalogue, with datos.gob.es as the official national fallback). data/source_resolution.json is the authoritative provenance record: see its verbatim terms-of-use snippets and the source that supplied them."
camara14302__20260825T112020Z,camara14302,,https://informo.madrid.es/cameras/Camara14302.jpg?v=76738,2026-08-25T11:20:20+00:00,,,,1280,720,8dc1fd814a842be5b86a84e9221a459b8e2ff21a4f3781a0987471514d1bb68a,data/raw/camara14302/camara14302__20260825T112020Z.jpg,"Ayuntamiento de Madrid open data (informo.madrid.es KML; licence via the datos.madrid.es catalogue, with datos.gob.es as the official national fallback). data/source_resolution.json is the authoritative provenance record: see its verbatim terms-of-use snippets and the source that supplied them."
camara05324__20260825T112521Z,camara05324,,https://informo.madrid.es/cameras/Camara05324.jpg?v=76738,2026-08-25T11:25:21+00:00,,,,1280,720,f007b8e55e611755cb1312e64f50bef718863e46959c8623c28d41ab9338c60f,data/raw/camara05324/camara05324__20260825T112521Z.jpg,"Ayuntamiento de Madrid open data (informo.madrid.es KML; licence via the datos.madrid.es catalogue, with datos.gob.es as the official national fallback). data/source_resolution.json is the authoritative provenance record: see its verbatim terms-of-use snippets and the source that supplied them."
camara16304__20260825T112521Z,camara16304,,https://informo.madrid.es/cameras/Camara16304.jpg?v=76738,2026-08-25T11:25:21+00:00,,,,1280,720,b469d199452d5aa06394a5b22b937e610b50186bc9efb6f0488a1d5e5fc16b7b,data/raw/camara16304/camara16304__20260825T112521Z.jpg,"Ayuntamiento de Madrid open data (informo.madrid.es KML; licence via the datos.madrid.es catalogue, with datos.gob.es as the official national fallback). data/source_resolution.json is the authoritative provenance record: see its verbatim terms-of-use snippets and the source that supplied them."
camara14302__20260825T112521Z,camara14302,,https://informo.madrid.es/cameras/Camara14302.jpg?v=76738,2026-08-25T11:25:21+00:00,,,,1280,720,120160887257837638c65adfdfa58d36fd643d7c01dead38ae7394f712d35805,data/raw/camara14302/camara14302__20260825T112521Z.jpg,"Ayuntamiento de Madrid open data (informo.madrid.es KML; licence via the datos.madrid.es catalogue, with datos.gob.es as the official national fallback). data/source_resolution.json is the authoritative provenance record: see its verbatim terms-of-use snippets and the source that supplied them."
camara14308__20260825T112522Z,camara14308,,https://informo.madrid.es/cameras/Camara14308.jpg?v=76738,2026-08-25T11:25:22+00:00,,,,1280,720,aae4d3b90bbae19bb9e5fd649e649594ce0b41dd7f486aa8472fd3682b531d23,data/raw/camara14308/camara14308__20260825T112522Z.jpg,"Ayuntamiento de Madrid open data (informo.madrid.es KML; licence via the datos.madrid.es catalogue, with datos.gob.es as the official national fallback). data/source_resolution.json is the authoritative provenance record: see its verbatim terms-of-use snippets and the source that supplied them."
camara13311__20260825T112522Z,camara13311,,https://informo.madrid.es/cameras/Camara13311.jpg?v=76738,2026-08-25T11:25:22+00:00,,,,1280,720,cd6cdb3479d76fd8d1934221da7608acd8d28f4a68a951c66085e1746c3ef04c,data/raw/camara13311/camara13311__20260825T112522Z.jpg,"Ayuntamiento de Madrid open data (informo.madrid.es KML; licence via the datos.madrid.es catalogue, with datos.gob.es as the official national fallback). data/source_resolution.json is the authoritative provenance record: see its verbatim terms-of-use snippets and the source that supplied them."
camara11315__20260825T112522Z,camara11315,,https://informo.madrid.es/cameras/Camara11315.jpg?v=76738,2026-08-25T11:25:22+00:00,,,,1280,720,bc8b7cca0920558ee9461e31d5119531ad549fb7c284bbdfb658f3f425a28b84,data/raw/camara11315/camara11315__20260825T112522Z.jpg,"Ayuntamiento de Madrid open data (informo.madrid.es KML; licence via the datos.madrid.es catalogue, with datos.gob.es as the official national fallback). data/source_resolution.json is the authoritative provenance record: see its verbatim terms-of-use snippets and the source that supplied them."
camara09321__20260825T112522Z,camara09321,,https://informo.madrid.es/cameras/Camara09321.jpg?v=76738,2026-08-25T11:25:22+00:00,,,,1280,720,47a1a45737a766df1fe024b0b83458438ec9254f43d58ec7694a198e6c73d54f,data/raw/camara09321/camara09321__20260825T112522Z.jpg,"Ayuntamiento de Madrid open data (informo.madrid.es KML; licence via the datos.madrid.es catalogue, with datos.gob.es as the official national fallback). data/source_resolution.json is the authoritative provenance record: see its verbatim terms-of-use snippets and the source that supplied them."
camara05324__20260825T113022Z,camara05324,,https://informo.madrid.es/cameras/Camara05324.jpg?v=76738,2026-08-25T11:30:22+00:00,,,,1280,720,6053d56f38811bb6693730b439c585c41d9eb1b49d3f00fa8db3a86151b844d7,data/raw/camara05324/camara05324__20260825T113022Z.jpg,"Ayuntamiento de Madrid open data (informo.madrid.es KML; licence via the datos.madrid.es catalogue, with datos.gob.es as the official national fallback). data/source_resolution.json is the authoritative provenance record: see its verbatim terms-of-use snippets and the source that supplied them."
camara14308__20260825T113023Z,camara14308,,https://informo.madrid.es/cameras/Camara14308.jpg?v=76738,2026-08-25T11:30:23+00:00,,,,1280,720,038ab1844141e60071222b0b785d8ce4322cd2ebbce83833eb6eb625af1ed906,data/raw/camara14308/camara14308__20260825T113023Z.jpg,"Ayuntamiento de Madrid open data (informo.madrid.es KML; licence via the datos.madrid.es catalogue, with datos.gob.es as the official national fallback). data/source_resolution.json is the authoritative provenance record: see its verbatim terms-of-use snippets and the source that supplied them."
camara11315__20260825T113023Z,camara11315,,https://informo.madrid.es/cameras/Camara11315.jpg?v=76738,2026-08-25T11:30:23+00:00,,,,1280,720,39be159559f2ae594ac4fc9a25c279ede42ebed93f3afedadb279c3ab6eb42e8,data/raw/camara11315/camara11315__20260825T113023Z.jpg,"Ayuntamiento de Madrid open data (informo.madrid.es KML; licence via the datos.madrid.es catalogue, with datos.gob.es as the official national fallback). data/source_resolution.json is the authoritative provenance record: see its verbatim terms-of-use snippets and the source that supplied them."
camara09321__20260825T113023Z,camara09321,,https://informo.madrid.es/cameras/Camara09321.jpg?v=76738,2026-08-25T11:30:23+00:00,,,,1280,720,1f8c670c69f844d7b60bf51afa511809a65394d1db121e40a10d1e836b4a98e2,data/raw/camara09321/camara09321__20260825T113023Z.jpg,"Ayuntamiento de Madrid open data (informo.madrid.es KML; licence via the datos.madrid.es catalogue, with datos.gob.es as the official national fallback). data/source_resolution.json is the authoritative provenance record: see its verbatim terms-of-use snippets and the source that supplied them."
